date,weekday,direction,pct_move,search_link,expected_outcome,label_confidence,known_cause,source_url,notes,labelled_by
2018-10-02,Tuesday,up,5.33,"https://www.google.com/search?q=coffee+prices+arabica+futures&tbm=nws&tbs=cdr:1,cd_min:9/29/2018,cd_max:10/5/2018",EXPLAIN,high,"The Brazilian real strengthened sharply (dollar down about 2%, back under R$4) after an election poll showed Bolsonaro gaining, and arabica rallied with it; short-covering added to the move.",https://www.noticiasagricolas.com.br/noticias/cafe/222461-cafe-dolar-fica-abaixo-de-r-4-e-bolsa-de-nova-york-tem-rally-com-altas-de-mais-de-500-pts-nesta-3.html,"Closing report dated 2018-10-02: Dec/18 +545 points, which is +5.33%. Agrolink's report of the same day gives the same prices and the poll.",
2018-10-17,Wednesday,up,4.16,"https://www.google.com/search?q=coffee+prices+arabica+futures&tbm=nws&tbs=cdr:1,cd_min:10/14/2018,cd_max:10/20/2018",EXPLAIN,high,"Another sharp fall of the dollar against the real ahead of the election run-off lifted arabica, with buy orders triggered once the price cleared 120 cents.",https://www.noticiasagricolas.com.br/noticias/cafe/223438-cafe-com-suporte-do-dolar-bolsa-de-nova-york-dispara-e-fecha-sessao-desta-4-com-alta-proxima-de-500.html,"Closing report dated 2018-10-17: Dec/18 +490 points (+4.16%), dollar -1.05%. Canal Rural of 2018-10-18 gives the same cause.",
2018-10-29,Monday,down,-4.51,"https://www.google.com/search?q=coffee+prices+arabica+futures&tbm=nws&tbs=cdr:1,cd_min:10/26/2018,cd_max:11/1/2018",EXPLAIN,high,"The day after Bolsonaro's election win the dollar rose against the real, which set off a reversal, a break below 120 cents and heavy profit-taking.",https://www.canalrural.com.br/agricultura/cafe/preco-do-cafe-cai-45-na-bolsa-de-nova-york/,"Report dated 2018-10-30 on the previous session: Dec/18 -5.40 cents (-4.5%). Profit-taking is cited too, but a currency trigger is named. The size of the dollar move is not given.",
2018-11-30,Friday,down,-4.84,"https://www.google.com/search?q=coffee+prices+arabica+futures&tbm=nws&tbs=cdr:1,cd_min:11/27/2018,cd_max:12/3/2018",REFUSE,medium,"Only profit-taking after recent gains is given as the reason, with a vague mention of the exchange rate on a day the dollar closed flat.",https://www.noticiasagricolas.com.br/noticia/226106,"CHECK: borderline. Report dated 2018-11-30: Dec/18 -525 points (-4.84%). It says the market 'followed the exchange rate', but the dollar ended the day unchanged. If that mention counts as a cause, this becomes EXPLAIN.",
2019-04-17,Wednesday,down,-3.81,"https://www.google.com/search?q=coffee+prices+arabica+futures&tbm=nws&tbs=cdr:1,cd_min:4/14/2019,cd_max:4/20/2019",EXPLAIN,high,"The dollar hit a three-week high against the real on fears the pension reform would be delayed, and the ICO raised its estimate of the global surplus; arabica fell to 2004 lows.",https://www.noticiasagricolas.com.br/noticia/233889,Closing report dated 2019-04-17: May/19 -345 points (-3.81%). The midday report and a currency report of the same day agree.,
2019-04-18,Thursday,up,3.62,"https://www.google.com/search?q=coffee+prices+arabica+futures&tbm=nws&tbs=cdr:1,cd_min:4/15/2019,cd_max:4/21/2019",EXPLAIN,medium,The report puts the rebound down to a technical recovery after the slide to 2004 lows together with a firmer real.,https://www.noticiasagricolas.com.br/noticia/233968,"CHECK: borderline. Closing report dated 2019-04-18: May/19 +315 points (+3.62%). The currency is named in the headline, but the dollar fell only 0.10% that day and the first reason given is a technical recovery. Read strictly this is REFUSE.",
2019-11-11,Monday,down,-3.15,"https://www.google.com/search?q=coffee+prices+arabica+futures&tbm=nws&tbs=cdr:1,cd_min:11/8/2019,cd_max:11/14/2019",REFUSE,medium,Only a pause and profit-taking after four straight weeks of gains is reported; no event is named.,https://www.noticiasagricolas.com.br/noticias/cafe/246688-cafe-apos-semanas-de-altas-bolsa-de-ny-encerra-sessao-com-queda-de-ate-345-pts.html,"Closing report dated 2019-11-11: Dec/19 -345 points (-3.15%). The dollar fell against the real that day, which would support coffee, so it does not explain the fall. Only one report for the day was found.",
2019-11-21,Thursday,up,5.06,"https://www.google.com/search?q=coffee+prices+arabica+futures&tbm=nws&tbs=cdr:1,cd_min:11/18/2019,cd_max:11/24/2019",EXPLAIN,high,"A USDA report cut its estimate of Brazil's 2019/20 crop by about 10% to 58 million bags, and prices jumped.",https://www.noticiasagricolas.com.br/noticias/cafe/247285-cafe-mercado-segue-com-altas-expressivas-apos-usda-apontar-diminuicao-na-safra.html,Closing report dated 2019-11-21: Dec/19 +555 points (+5.06%). The analyst quoted is slightly hedged: the USDA figures 'may have' driven the gains.,
2020-02-03,Monday,down,-4.63,"https://www.google.com/search?q=coffee+prices+arabica+futures&tbm=nws&tbs=cdr:1,cd_min:1/31/2020,cd_max:2/6/2020",EXPLAIN,high,"Heavy rain in Minas Gerais and Espirito Santo was seen boosting Brazil's coming crop, and coronavirus store closures in China raised demand worries.",https://www.noticiasagricolas.com.br/noticias/cafe/251502-cafe-precos-voltam-a-cair-em-ny-e-cenario-comeca-a-preocupar-setor-mercado-interno-segue-sem-grandes.html,Closing report dated 2020-02-03: Mar/20 -475 points (-4.63%). The midday report and the next morning's report give the same reasons.,
2020-02-21,Friday,up,5.07,"https://www.google.com/search?q=coffee+prices+arabica+futures&tbm=nws&tbs=cdr:1,cd_min:2/18/2020,cd_max:2/24/2020",EXPLAIN,medium,"The report attributes the surge to positions being covered ahead of Brazil's Carnival holiday and to excess rain in Minas Gerais that could cut output, amplified by buying when the price broke 110 cents.",https://www.noticiasagricolas.com.br/noticias/cafe/252876-precos-voltam-a-explodir-e-cafe-encerra-semana-com-alta-de-5-clima-e-feriado-sustentam-precos.html,"CHECK: borderline. Closing report dated 2020-02-21: Mar/20 +525 points (+5.07%). The headline names weather and the holiday, but the analyst quoted says there were no fundamental reasons, only chart ones. Read strictly this is REFUSE.",
2020-11-16,Monday,up,5.86,"https://www.google.com/search?q=coffee+prices+arabica+futures&tbm=nws&tbs=cdr:1,cd_min:11/13/2020,cd_max:11/19/2020",EXPLAIN,high,Hurricane Iota was approaching Central America's coffee regions two weeks after Hurricane Eta; dry weather in Brazil and a weaker dollar added support.,https://www.noticiasagricolas.com.br/noticias/cafe/273746-cafe-comeca-semana-com-ganhos-significativos-nos-mercados-futuro-e-fisico.amp.html,Closing report dated 2020-11-16: Dec/20 +640 points (+5.86%). The midday report and a Bloomberg piece of the same day agree.,
2020-12-01,Tuesday,down,-4.18,"https://www.google.com/search?q=coffee+prices+arabica+futures&tbm=nws&tbs=cdr:1,cd_min:11/28/2020,cd_max:12/4/2020",EXPLAIN,high,"A ten-day forecast pointed to heavier rain over Brazil's drought-hit coffee areas, and profit-taking after the late-November rally added to the fall.",https://www.noticiasagricolas.com.br/noticias/cafe/275045-cafe-tem-dia-de-quedas-com-realizacao-de-lucros-e-previsao-de-novas-chuvas-no-br.html,"Closing report dated 2020-12-01: Mar/21 -485 points (about -3.9%, against -4.18% in the price series, which was probably still on the expiring December contract). Three reports name the rain forecast.",
2021-03-22,Monday,up,3.71,"https://www.google.com/search?q=coffee+prices+arabica+futures&tbm=nws&tbs=cdr:1,cd_min:3/19/2021,cd_max:3/25/2021",EXCLUDE,medium,"Not a real move of this size: the price series switched from the expired March contract to May on this day. The May contract rose about 0.85%, which reports put down to below-average rain in Minas Gerais.",https://www.noticiasagricolas.com.br/noticias/cafe/283423-cafe-semana-comeca-com-altas-tecnicas-em-londres-e-ny-chuvas-no-br-voltam-a-chamar-atencao.html,"CHECK: probable contract-roll artefact. Closing report dated 2021-03-22: May/21 +110 points to 130.10; the report of 2021-03-19 has May/21 at 129.00. The March contract's last trading day works out as 2021-03-19 (calculated from the exchange's rules, not confirmed from a source). Decide whether this date stays in the set.",
2021-12-20,Monday,down,-4.87,"https://www.google.com/search?q=coffee+prices+arabica+futures&tbm=nws&tbs=cdr:1,cd_min:12/17/2021,cd_max:12/23/2021",EXPLAIN,high,The rapid spread of the Omicron variant hit commodity and share markets and cut risk appetite; funds reduced long positions.,https://www.moneytimes.com.br/cafe-recua-45-na-ice-e-acucar-bruto-perde-quase-3/,Reuters report republished on 2021-12-20: March arabica -4.5%. The next day's Safras report gives the same cause.,
2022-10-28,Friday,down,-5.06,"https://www.google.com/search?q=coffee+prices+arabica+futures&tbm=nws&tbs=cdr:1,cd_min:10/25/2022,cd_max:10/31/2022",EXPLAIN,high,"Arabica fell to a 15-month low on demand worries (inflation, interest rates, recession), with news of new Covid lockdowns in China that day, and funds selling on expectations of a large Brazil crop after good rain and flowering.",https://www.noticiasagricolas.com.br/noticias/cafe/331645-cafe-abaixo-de-170-cents-lbp-em-ny-e-volta-a-ser-negociado-abaixo-de-r-1-000-00-no-fisico.html,Closing report dated 2022-10-28: Dec/22 -905 points (-5.06%). Most of the causes are conditions of several weeks; the China lockdown news is the one tied to the day.,
2022-12-12,Monday,up,5.45,"https://www.google.com/search?q=coffee+prices+arabica+futures&tbm=nws&tbs=cdr:1,cd_min:12/9/2022,cd_max:12/15/2022",EXPLAIN,high,"Speculation that Brazil's crop agency would cut its production estimate that week because of bad weather, with renewed concern about the 2023 crop and a rise in crude oil.",https://www.noticiasagricolas.com.br/noticias/cafe/335931-preocupacao-com-oferta-brasileira-volta-a-sondar-mercado-e-arabica-avanca-mais-de-5.html,"Closing report dated 2022-12-12: Mar/23 +890 points (+5.63%, against +5.45% in the price series). Safras of the same day gives oil and crop worries.",
2023-03-22,Wednesday,down,-4.66,"https://www.google.com/search?q=coffee+prices+arabica+futures&tbm=nws&tbs=cdr:1,cd_min:3/19/2023,cd_max:3/25/2023",EXCLUDE,medium,"Not a real move of this size: the price series switched from the expired March contract to May on this day. The May contract fell about 1.3%; reports disagree on why (favourable weather and rising exchange stocks, or profit-taking before the US rate decision).",https://www.noticiasagricolas.com.br/noticias/cafe/344418-acompanhando-o-clima-no-brasil-cafe-arabica-encerra-sessao-desta-4-feira-com-baixas-na-bolsa-de-ny.html,"CHECK: probable contract-roll artefact. Three reports of 2023-03-22 give May/23 -230 points to 178.00; the report of the day before has May/23 at 180.30. The March contract's last trading day works out as 2023-03-21 (calculated, not confirmed from a source). Decide whether this date stays in the set.",
2023-06-08,Thursday,up,5.1,"https://www.google.com/search?q=coffee+prices+arabica+futures&tbm=nws&tbs=cdr:1,cd_min:6/5/2023,cd_max:6/11/2023",EXPLAIN,medium,"Fund buying as the El Nino weather pattern was declared under way, which could hurt global coffee production.",https://www.noticiasagricolas.com.br/noticias/cafe/351599-de-olho-no-el-nino-cafe-sobe-em-ny-e-londres-na-5-feira.html,"CHECK: sources conflict. Closing report dated 2023-06-08: Jul/23 +945 points (+5.09%). A broker's report of the same day describes only aggressive short-covering in thin trade with Brazil on holiday, which read alone would be REFUSE.",
2024-04-17,Wednesday,up,4.73,"https://www.google.com/search?q=coffee+prices+arabica+futures&tbm=nws&tbs=cdr:1,cd_min:4/14/2024,cd_max:4/20/2024",EXPLAIN,medium,"Crop concerns from dry weather in Brazil and Vietnam sent arabica to a two-year high, with fund buying adding to it.",https://www.nasdaq.com/articles/global-coffee-crop-concerns-send-prices-soaring,"Intraday market report; its date (2024-04-17) is inferred from the prices it quotes, not read from the page. The cause is a general condition, not one event that day.",
2024-05-02,Thursday,down,-4.75,"https://www.google.com/search?q=coffee+prices+arabica+futures&tbm=nws&tbs=cdr:1,cd_min:4/29/2024,cd_max:5/5/2024",EXPLAIN,high,"Exchange-monitored arabica stocks rose to a one-year high, easing supply concerns and setting off selling by holders of long positions.",https://www.nasdaq.com/articles/coffee-prices-finish-sharply-lower-as-ice-coffee-inventories-rebound,"Closing report dated 2024-05-02: July arabica -9.90 cents (-4.58%, against -4.75% in the price series). A second daily report of 2024-05-03 agrees.",
2025-04-04,Friday,down,-5.07,"https://www.google.com/search?q=coffee+prices+arabica+futures&tbm=nws&tbs=cdr:1,cd_min:4/1/2025,cd_max:4/7/2025",EXPLAIN,high,"A reaction to the US tariff package and China's retaliation, part of a broad sell-off; the report says coffee's own fundamentals had not changed.",https://www.noticiasagricolas.com.br/videos/cafe/397953-mercado-do-cafe-deixa-os-fundamentos-de-lado-e-sente-pressao-do-tarifaco.amp.html,"Report dated 2025-04-04: May/25 -1,955 points, which is -5.07% and matches. Reports for the neighbouring sessions give the same trade-war explanation.",
2025-07-14,Monday,up,5.93,"https://www.google.com/search?q=coffee+prices+arabica+futures&tbm=nws&tbs=cdr:1,cd_min:7/11/2025,cd_max:7/17/2025",EXPLAIN,high,"A weather service reported no rain in Minas Gerais in the week to 12 July, which set off fund short-covering, on top of the announced 50% US tariff on Brazilian imports.",https://www.nasdaq.com/articles/coffee-prices-surge-dry-conditions-brazil-and-tariff-threats,Intraday market report; its date (2025-07-14) is inferred from the rainfall week and prices it quotes. It shows +4.03% during the session against +5.93% at the close.,
2026-01-28,Wednesday,down,-4.42,"https://www.google.com/search?q=coffee+prices+arabica+futures&tbm=nws&tbs=cdr:1,cd_min:1/25/2026,cd_max:1/31/2026",EXPLAIN,medium,"After a four-month high arabica dropped on profit-taking, with the report also citing a stronger dollar and more favourable weather for Brazil's arabica crop.",https://safras.com.br/ny-despenca-no-cafe-com-realizacao-dolar-em-alta-e-clima-favoravel-para-arabica-no-brasil/,CHECK: borderline. Report dated 2026-01-28: Mar/26 -16.25 cents (-4.4%). The first reason given is profit-taking; the dollar and weather are named but vaguely (the real moved 'modestly'). Read strictly this is REFUSE.,
2026-07-06,Monday,up,15.3,"https://www.google.com/search?q=coffee+prices+arabica+futures&tbm=nws&tbs=cdr:1,cd_min:7/3/2026,cd_max:7/9/2026",EXPLAIN,high,"Forecasts of a cold air mass moving into Brazil's coffee regions revived frost fears and forced short-covering, with tight exchange stocks, harvest delays and El Nino worries behind it.",https://www.cocoaintel.com/frost-concerns-trigger-sharp-rally-as-supply-fundamentals-remain-in-focus-6-july-2/,"Report dated 2026-07-07: the July contract rose more than 16%. A real move, confirmed by two other reports of 2026-07-07, one calling it the largest one-day gain since 2000.",
