date,expected_outcome,expected_direction,label_confidence,known_cause,source_url,notes
2020-03-19,EXPLAIN,up,high,"COVID-19 pandemic panic buying and supply chain fears lifted arabica in a broad commodities rally",https://www.ico.org/documents/cy2019-20/coffee-report-and-outlook-april-2020-e.pdf,Global pandemic disruption; well-documented macro event
2021-05-05,EXPLAIN,up,high,"Sustained drought in Minas Gerais drove arabica higher on crop damage fears; cumulative move over weeks",https://www.reuters.com/article/brazil-coffee-drought-idUSL1N2MO1N7,Beginning of the 2021 Brazil drought regime; well-documented supply shock
2021-07-20,EXPLAIN,up,high,"Severe frost hit Brazil's coffee belt (Minas Gerais Parana) destroying crops; arabica spiked on supply panic",https://www.reuters.com/world/americas/brazil-frost-threatens-up-10-next-coffee-crop-farmers-say-2021-07-21/,The most documented coffee event in years; frost + drought double shock
2021-07-22,EXPLAIN,up,high,"Continued frost aftermath; second frost wave confirmed; arabica surged past 190 cents/lb",https://www.reuters.com/article/brazil-coffee-frost-idUSL1N2OY1XW,Multi-day frost event; z=+4.25 shock+trend
2021-07-19,REFUSE,down,high,"Down move immediately before the July 2021 Brazil frost spike; no clean single-news cause for this specific down day",,"A pre-event down day with no attributable driver SHOULD be refused not explained"
2021-07-30,REFUSE,down,medium,"Post-frost profit-taking and technical correction after 30% surge; no single news catalyst for the reversal day",,"Correction after massive spike; no specific news trigger — system should refuse rather than invent a cause"
2022-05-11,EXPLAIN,up,medium,"Tight global supplies from 2021 frost aftermath plus surging fertilizer costs (+182%) and weak Brazil off-year crop drove arabica above 220",https://www.usda.gov/sites/default/files/documents/coffee-world-markets-and-trade.pdf,Well-documented supply tightness; medium confidence because multiple slow-build factors rather than one-day news
2023-01-31,EXPLAIN,up,medium,"Rally from multi-month low as funds covered short positions amid concerns about Colombia and Central America crop quality",https://www.ico.org/documents/cy2022-23/coffee-market-report-january-2023.pdf,Documented January 2023 recovery; medium confidence as attribution is to positioning + supply worry mix
2023-09-20,REFUSE,down,medium,"Sharp reversal day (-2.74 sigma) amid choppy Sept 2023 trading; no single documented catalyst",,"No clear news driver; appears to be technical/positioning noise — good refuse candidate"
2023-11-30,EXPLAIN,up,medium,"Year-end rally driven by concerns about 2024 Brazil crop after irregular flowering and dry conditions",https://www.barchart.com/story/news/coffee-prices-surge-on-dry-conditions-in-brazil,Documented dry-weather concern driving year-end price surge
2024-04-30,EXPLAIN,down,medium,"Profit-taking after arabica rallied to 248 cents/lb on tightening supply outlook; USDA report eased near-term fears",https://apps.fas.usda.gov/psdonline/circulars/coffee.pdf,Documented pullback in April 2024 rally; medium because exact-day trigger is softer
2024-09-23,EXPLAIN,up,high,"Brazil drought plus Vietnam typhoon drove arabica to record highs on supply fears",https://www.riotimesonline.com/arabica-coffee-hits-historic-highs-amid-brazils-drought/,Well-documented supply shock; system should explain an up move
2024-12-02,REFUSE,down,medium,"Sharp pullback (-3.45 sigma) during the late-2024 surge to 47-year highs; no single catalyst beyond technical correction",,"Within a strong uptrend; one-day correction with no documented news trigger — refuse candidate"
2025-02-10,EXPLAIN,up,high,"Arabica surged toward $4.29/lb peak on worsening Brazil drought forecasts and global supply deficit projections",https://www.ico.org/documents/cy2024-25/coffee-market-report-february-2025.pdf,Peak of the 2024-2025 supply-driven supercycle; well-documented
2025-04-07,EXPLAIN,down,high,"US tariff announcements (50% on Brazilian coffee) triggered broad selloff as import cost fears reversed speculative longs",https://www.forbesmiddleeast.com/industry/business/arabica-prices-soar-over-30-as-us-tariffs-disrupt-brazils-coffee-exports,Well-documented policy shock causing selloff
2025-08-15,EXPLAIN,up,high,"US 50% tariff on Brazilian coffee imports disrupted exports and lifted arabica",https://www.forbesmiddleeast.com/industry/business/arabica-prices-soar-over-30-as-us-tariffs-disrupt-brazils-coffee-exports,Documented policy shock; system should explain an up move
2025-09-15,EXPLAIN,up,medium,"Continued US tariff disruption and dry Brazil conditions kept arabica elevated",https://www.barchart.com/story/news/33388276/coffee-prices-surge-on-dry-conditions-in-brazil-and-tariff-threats,Same regime as Aug 2025; cause well-supported but exact-day attribution softer
2024-10-07,EXPLAIN,down,low,"Pullback/profit-taking within the 2024 rally; not a single documented news event",,"Label confidence low — a mean-reversion down day is hard to ground-truth; included to probe over-explaining"
