date,expected_outcome,expected_direction,label_confidence,known_cause,source_url,reported_move,notes,original_label,checked_by
2020-03-19,EXCLUDE,up,medium,"The contract in active trading rose about 4.1%, roughly half the 7.96% in the price series; the rest appears to be the series leaving the March contract on its last day. The real rise was put down to fears the pandemic would interrupt coffee grading at exchange warehouses and to the exchange cutting delivery limits.",https://www.noticiasagricolas.com.br/noticias/cafe/255003-cafe-ice-reduz-limites-de-entregas-dos-contratos-certificados-precos-finalizam-pregao-em-alta.html,May/20 +440 points at 112.70 (about +4.1%),"CHECK: borderline between EXCLUDE and EXPLAIN. A real, explained move of about 4% happened; only its size is overstated. If a 4% move is close enough to keep, the label is EXPLAIN with the cause given.",EXPLAIN,
2021-05-05,EXPLAIN,up,high,"Worry about dry weather in Brazil's coffee regions, helped by a weaker dollar against the real and by road blockades in Colombia keeping coffee from the ports.",https://safras.com.br/?p=26817,"Jul/21 +9.50 cents, +6.8%, at 149.85",Closing report for 2021-05-05. A Bloomberg piece of the same day and a Reuters report of the next day agree.,EXPLAIN,
2021-07-19,EXPLAIN,down,high,"A broad sell-off as shares and oil slumped on surging Delta-variant Covid cases, with the dollar up about 2.6% against the real.",https://www.agrolink.com.br/noticias/infocafe-de-19-07-21_453222.html,Sep/21 -4.95 cents (about -3.1%),Daily report for 2021-07-19; a Reuters report of the same day gives the same cause. Reports show about -3.1% against -3.69% in the series.,REFUSE,
2021-07-20,EXPLAIN,up,high,"News of frost hitting Brazil's coffee regions (southern Minas Gerais, Cerrado, Sao Paulo), expected to cut the 2022 crop.",https://safras.com.br/29373-2/,"Sep/21 +10.40 cents, +6.6%, at 166.80","Closing report for 2021-07-20. Size matches the series, so the move is real although a contract expired about this date.",EXPLAIN,
2021-07-22,EXPLAIN,up,high,"The market reacting to expected losses in Brazil's 2022 crop from the frosts of 20 July, as damage estimates grew.",https://safras.com.br/?p=29454,"Sep/21 +17.65 cents, +10.0%, at 193.65",Closing report for 2021-07-22; size and direction match the series.,EXPLAIN,
2021-07-30,EXPLAIN,down,high,"The overnight frost in Minas Gerais turned out less intense and damaging than feared, and a weaker real encouraged producer selling.",https://www.larepublica.co/globoeconomia/cafe-cae-a-mayor-nivel-desde-2008-y-disminuyen-preocupaciones-por-heladas-en-brasil-3209757,"Sep/21 -16.95 cents, -8.6%, at 179.55",Report dated 2021-07-31 on the previous session. Reuters and Bloomberg reports of the same days give the same cause.,REFUSE,
2022-05-11,EXPLAIN,up,high,Updated weather models showed a cold front bringing frost risk to Brazil's coffee areas the following week.,https://www.agrolink.com.br/noticias/infocafe-de-11-05-22_465612.html,"Jul/22 +16.10 cents, +7.90%",Daily report for 2022-05-11; the size matches the series.,EXPLAIN,
2023-01-31,EXPLAIN,up,medium,"Brazilian physical coffee premiums rose to their highest in a decade, a sign of tight supply, which with friendlier wider markets pushed short sellers to cover.",https://www.nasdaq.com/articles/softs-raw-sugar-climbs-to-six-year-high-arabica-up-nearly-5,Mar/23 about +5% during the session; the closing figure was not found,"CHECK: only the report written during the session was found, so the full 6.66% is not confirmed. The cause is a condition behind short-covering, not a single event; read strictly this is REFUSE.",EXPLAIN,
2023-09-20,EXCLUDE,down,high,Not a real move of this size: the contract in active trading fell about 1.7%; the rest is the price series switching from the expired September contract to December.,https://www.stonex.com/en-us/insights/daily-coffee-report-09-20-2023/,Dec/23 -275 points to 158.20 (about -1.7%),"Daily report for 2023-09-20. Mirror image of the day before, when the series showed +5.55% and the active contract rose about 0.8%.",REFUSE,
2023-11-30,EXPLAIN,up,high,"Exchange-certified arabica stocks fell by more than 35,000 bags in a day to the lowest in 24 years, setting off squeeze-like buying.",https://www.nasdaq.com/articles/softs-coffee-prices-jump-nearly-7-in-new-york-after-stocks-drawn,"Mar/24 +12 cents, +6.9%",Reuters report of 2023-11-30; +6.9% on the March contract against +7.08% in the series.,EXPLAIN,
2024-04-30,EXPLAIN,down,high,"A stronger dollar weighed on commodities, and losses grew after updated forecasts raised the chance of rain in Brazil the following week.",https://www.nasdaq.com/articles/coffee-closes-sharply-lower-on-dollar-strength-and-rain-forecasts-for-brazil,"Jul/24 -10.85 cents, -4.77%","Closing report; its date is inferred from the session it describes. -4.77% on the July contract against -5.52% in the series, which was probably still on the expiring May contract.",EXPLAIN,
2024-09-23,EXPLAIN,up,high,"Drought worries in Brazil: a weather service reported that day that Minas Gerais had had 62% of average rainfall in the past week, days after the crop agency cut its 2024 forecast.",https://www.nasdaq.com/articles/coffee-prices-settle-sharply-higher-weather-concerns-key-producers,"Dec/24 +12.90 cents, +5.14%",Closing report; its date is inferred from the session it describes. The size matches the series exactly.,EXPLAIN,
2024-10-07,EXPLAIN,down,high,Forecasts of substantial rain for Brazil's coffee regions eased drought fears and set off selling by holders of long positions; export and stock figures added to the fall.,https://www.nasdaq.com/articles/coffee-prices-finish-sharply-lower-forecasts-beneficial-rain-brazil,"Dec/24 -12.70 cents, -4.93%",Closing report; a broker's daily report of 2024-10-07 gives the same cause. The size matches the series exactly.,EXPLAIN,
2024-12-02,EXPLAIN,down,high,"The exchange raised margin requirements on coffee futures, forcing holders of long positions to sell, and the real fell about 1.6%, encouraging Brazilian export selling.",https://www.nasdaq.com/articles/coffee-prices-plummet-long-liquidation-pressures,"Mar/25 -22.00 cents, -6.92%","Report dated 2024-12-03 on the previous session. Two other reports of 2024-12-02 agree on size; they stress an overbought market and the weaker real. The label rests on the margin increase and the currency move, not on the profit-taking language.",REFUSE,
2025-02-10,EXPLAIN,up,high,"Reports of a hot, dry weather system forming over Brazil's coffee areas added to supply fears, with farmers in no hurry to sell and roasters short of stock buying.",https://safras.com.br/arabica-atinge-recorde-pelo-13o-dia-consecutivo-com-clima-seco-e-quente-no-brasil/,"Mar/25 +24.70 cents, +6.10%, at 429.05",Closing report for 2025-02-10; a Reuters report of the same day gives the same causes.,EXPLAIN,
2025-04-07,EXPLAIN,down,high,A sell-off across most commodities on trade-war fears after the US tariff announcements; losses grew as the real fell to a two-month low.,https://www.nasdaq.com/articles/coffee-prices-tumble-risk-sentiment-engulfs-asset-markets,"May/25 -20.90 cents, -5.72%",Closing report; its date is inferred from the session it describes. The size matches the series exactly. Only one source was opened for this date.,EXPLAIN,
2025-08-15,EXPLAIN,up,medium,"The day extended a week-long rally tied to a light frost earlier that week in Cerrado Mineiro, a 20% fall in Brazil's July exports and shrinking exchange stocks.",https://finance.yahoo.com/news/coffee-prices-soar-2-month-182700819.html,"Sep/25 +15.15 cents, +4.64%","CHECK: borderline. The report describes the day's own buying as short-covering and technical; the named events are for the rally it extended, and the frost was three or four days earlier. Read strictly this is REFUSE.",EXPLAIN,
2025-09-15,EXPLAIN,up,high,"A weather service reported that day that Minas Gerais had no rain in the week to 13 September, ahead of flowering, while the real rose to a 15-month high; tight supplies and low exchange stocks added to short-covering.",https://www.nasdaq.com/articles/coffee-prices-soar-fears-tighter-supplies,"Dec/25 +20.80 cents, +5.24%",Closing report; its date is inferred from the session it describes. Two other reports of 2025-09-15 agree.,EXPLAIN,
