date,rate
2025-10-06,5.33459997177124
2025-10-07,5.311200141906738
2025-10-08,5.353799819946289
2025-10-09,5.33519983291626
2025-10-10,5.377200126647949
2025-10-13,5.5229997634887695
2025-10-14,5.464099884033203
2025-10-15,5.481500148773193
2025-10-16,5.4492998123168945
2025-10-17,5.440814971923828
2025-10-20,5.406099796295166
2025-10-21,5.36870002746582
2025-10-22,5.38670015335083
2025-10-23,5.399400234222412
2025-10-24,5.382900238037109
2025-10-27,5.388299942016602
2025-10-28,5.373300075531006
2025-10-29,5.357399940490723
2025-10-30,5.357800006866455
2025-10-31,5.381999969482422
2025-11-03,5.374599933624268
2025-11-04,5.354899883270264
2025-11-05,5.395899772644043
2025-11-06,5.35860013961792
2025-11-07,5.3495001792907715
2025-11-10,5.330900192260742
2025-11-11,5.289700031280518
2025-11-12,5.270699977874756
2025-11-13,5.291299819946289
2025-11-14,5.296500205993652
2025-11-17,5.295599937438965
2025-11-18,5.329500198364258
2025-11-19,5.321499824523926
2025-11-20,5.32859992980957
2025-11-21,5.332300186157227
2025-11-24,5.402100086212158
2025-11-25,5.3867998123168945
2025-11-26,5.37939977645874
2025-11-27,5.3308000564575195
2025-11-28,5.355400085449219
2025-12-01,5.335400104522705
2025-12-02,5.355800151824951
2025-12-03,5.326300144195557
2025-12-04,5.306099891662598
2025-12-05,5.309299945831299
2025-12-08,5.4380998611450195
2025-12-09,5.429999828338623
2025-12-10,5.43149995803833
2025-12-11,5.469799995422363
2025-12-12,5.4054999351501465
2025-12-15,5.4182000160217285
2025-12-16,5.413400173187256
2025-12-17,5.507500171661377
2025-12-18,5.518499851226807
2025-12-19,5.521299839019775
2025-12-22,5.53980016708374
2025-12-23,5.590000152587891
2025-12-24,5.518499851226807
2025-12-26,5.519499778747559
2025-12-29,5.542500019073486
2025-12-30,5.5690999031066895
2025-12-31,5.476200103759766
2026-01-02,5.517000198364258
2026-01-05,5.421599864959717
2026-01-06,5.40749979019165
2026-01-07,5.372000217437744
2026-01-08,5.383900165557861
2026-01-09,5.386600017547607
2026-01-12,5.370299816131592
2026-01-13,5.373700141906738
2026-01-14,5.371300220489502
2026-01-15,5.396100044250488
2026-01-16,5.3678998947143555
2026-01-19,5.367700099945068
2026-01-20,5.36870002746582
2026-01-21,5.374300003051758
2026-01-22,5.31879997253418
2026-01-23,5.283699989318848
2026-01-26,5.288899898529053
2026-01-27,5.279099941253662
2026-01-28,5.183599948883057
2026-01-29,5.1971001625061035
2026-01-30,5.189199924468994
2026-02-02,5.255000114440918
2026-02-03,5.259399890899658
2026-02-04,5.237500190734863
2026-02-05,5.23799991607666
2026-02-06,5.270500183105469
2026-02-09,5.21589994430542
2026-02-10,5.1915998458862305
2026-02-11,5.196199893951416
2026-02-12,5.198699951171875
2026-02-13,5.213900089263916
2026-02-16,5.217899799346924
2026-02-17,5.243899822235107
2026-02-18,5.2204999923706055
2026-02-19,5.234399795532227
2026-02-20,5.208799839019775
2026-02-23,5.176499843597412
2026-02-24,5.170899868011475
2026-02-25,5.1519999504089355
2026-02-26,5.124199867248535
2026-02-27,5.136600017547607
2026-03-02,5.1296000480651855
2026-03-03,5.170300006866455
2026-03-04,5.277299880981445
2026-03-05,5.230100154876709
2026-03-06,5.263400077819824
2026-03-09,5.243500232696533
2026-03-10,5.2052998542785645
2026-03-11,5.162399768829346
2026-03-12,5.151400089263916
2026-03-13,5.243899822235107
2026-03-16,5.329100131988525
2026-03-17,5.233399868011475
2026-03-18,5.19290018081665
2026-03-19,5.2621002197265625
2026-03-20,5.219900131225586
2026-03-23,5.3119001388549805
2026-03-24,5.232900142669678
2026-03-25,5.232600212097168
2026-03-26,5.236800193786621
2026-03-27,5.235099792480469
2026-03-30,5.23799991607666
2026-03-31,5.263999938964844
2026-04-01,5.192800045013428
2026-04-02,5.1545000076293945
2026-04-03,5.156400203704834
2026-04-06,5.157899856567383
2026-04-07,5.138299942016602
2026-04-08,5.150599956512451
2026-04-09,5.100200176239014
2026-04-10,5.095799922943115
2026-04-13,5.005000114440918
2026-04-14,4.9944000244140625
2026-04-15,4.984799861907959
2026-04-16,4.992400169372559
2026-04-17,4.987090110778809
2026-04-20,5.00629997253418
2026-04-21,4.952400207519531
2026-04-22,5.007999897003174
2026-04-23,4.984899997711182
2026-04-24,5.030799865722656
2026-04-27,4.979100227355957
2026-04-28,4.999599933624268
2026-04-29,4.99429988861084
2026-04-30,5.017499923706055
2026-05-01,4.9695000648498535
2026-05-04,4.951929092407227
2026-05-05,4.984799861907959
2026-05-06,4.927299976348877
2026-05-07,4.932271957397461
2026-05-08,4.944900035858154
2026-05-11,4.913300037384033
2026-05-12,4.906400203704834
2026-05-13,4.9096999168396
2026-05-14,5.024899959564209
2026-05-15,5.0040998458862305
2026-05-18,5.060400009155273
2026-05-19,5.005624771118164
2026-05-20,5.058199882507324
2026-05-21,5.01170015335083
2026-05-22,5.017099857330322
2026-05-25,5.025700092315674
2026-05-26,5.01039981842041
2026-05-27,5.04449987411499
2026-05-28,5.07289981842041
2026-05-29,5.051700115203857
2026-06-01,5.0391998291015625
2026-06-02,5.038599967956543
2026-06-03,5.020699977874756
2026-06-04,5.077400207519531
2026-06-05,5.060699939727783
2026-06-08,5.177000045776367
2026-06-09,5.203100204467773
2026-06-10,5.190100193023682
2026-06-11,5.1921000480651855
2026-06-12,5.113800048828125
2026-06-15,5.0609002113342285
2026-06-16,5.075099945068359
2026-06-17,5.101900100708008
2026-06-18,5.122099876403809
2026-06-19,5.18149995803833
2026-06-22,5.151400089263916
2026-06-23,5.156499862670898
2026-06-24,5.197700023651123
2026-06-25,5.207499980926514
2026-06-26,5.1940999031066895
2026-06-29,5.1707000732421875
2026-06-30,5.181787014007568
2026-07-01,5.174699783325195
2026-07-02,5.220600128173828
2026-07-03,5.2221999168396
2026-07-06,5.1844000816345215
2026-07-07,5.143599987030029
2026-07-08,5.170899868011475
2026-07-09,5.16349983215332
2026-07-10,5.133900165557861
2026-07-13,5.107800006866455
2026-07-14,5.147900104522705
2026-07-15,5.087900161743164
2026-07-16,5.09089994430542
2026-07-17,5.11359977722168
2026-07-20,5.126999855041504
2026-07-21,5.104400157928467
2026-07-22,5.087500095367432
2026-07-23,5.062488079071045
2026-07-24,5.09689998626709
2026-07-27,5.082499980926514
2026-07-28,5.123025894165039
2026-07-29,5.1371002197265625
2026-07-30,5.127099990844727
2026-07-31,5.078100204467773
2026-08-03,5.072700023651123
2026-08-04,5.10290002822876
2026-08-05,5.143700122833252
2026-08-06,5.138500213623047
2026-08-07,5.121799945831299
2026-08-10,5.082600116729736
2026-08-11,5.105999946594238
2026-08-12,5.173500061035156
2026-08-13,5.195400238037109
2026-08-14,5.19980001449585
2026-08-17,5.221700191497803
2026-08-18,5.202499866485596
2026-08-19,5.214300155639648
2026-08-20,5.176700115203857
2026-08-21,5.1930999755859375
2026-08-24,5.13730001449585
2026-08-25,5.154300212860107
2026-08-26,5.146399974822998
2026-08-27,5.14739990234375
2026-08-28,5.161099910736084
2026-08-31,5.191199779510498
2026-09-01,5.181700229644775
2026-09-02,5.152200222015381
2026-09-03,5.092700004577637
2026-09-04,5.10099983215332
2026-09-07,5.126200199127197
2026-09-08,5.126699924468994
2026-09-09,5.084799766540527
2026-09-10,5.103400230407715
2026-09-11,5.102799892425537
2026-09-14,5.111207962036133
2026-09-15,5.138000011444092
2026-09-16,5.142899990081787
2026-09-17,5.150899887084961
2026-09-18,5.124100208282471
2026-09-21,5.140699863433838
2026-09-22,5.110400199890137
2026-09-23,5.099899768829346
2026-09-24,5.164299964904785
2026-09-25,5.190499782562256
2026-09-28,5.1875
2026-09-29,5.222899913787842
2026-09-30,5.202899932861328
2026-10-01,5.179100036621094
2026-10-02,5.222599983215332
2026-10-05,4.988999843597412
