date,prcp_mm,tmax_c,tmin_c
2018-01-01,10.32,27.39,19.24
2018-01-02,7.35,27.18,18.55
2018-01-03,9.06,26.85,19.84
2018-01-04,8.78,25.48,19.34
2018-01-05,28.3,23.72,20.08
2018-01-06,12.61,24.72,18.78
2018-01-07,12.58,23.4,18.51
2018-01-08,8.23,25.64,17.57
2018-01-09,1.56,27.3,17.81
2018-01-10,0.34,27.4,17.81
2018-01-11,2.31,27.57,17.72
2018-01-12,1.0,25.68,17.97
2018-01-13,3.11,25.78,17.25
2018-01-14,12.56,27.0,18.19
2018-01-15,5.58,26.74,18.85
2018-01-16,4.21,25.09,19.38
2018-01-17,0.25,28.49,18.66
2018-01-18,0.0,28.61,16.63
2018-01-19,0.0,29.32,16.14
2018-01-20,0.0,29.68,17.17
2018-01-21,0.0,30.32,18.71
2018-01-22,2.12,30.19,18.07
2018-01-23,1.04,29.39,18.99
2018-01-24,2.12,28.34,18.8
2018-01-25,3.97,24.41,19.47
2018-01-26,2.23,28.57,18.23
2018-01-27,1.17,28.61,17.65
2018-01-28,0.87,29.93,17.35
2018-01-29,22.77,26.33,20.45
2018-01-30,10.3,27.17,20.06
2018-01-31,26.38,27.86,20.65
2018-02-01,6.32,29.34,17.92
2018-02-02,22.88,26.8,19.99
2018-02-03,6.71,27.47,19.81
2018-02-04,5.22,24.19,18.0
2018-02-05,7.4,23.29,16.9
2018-02-06,7.95,25.17,16.84
2018-02-07,0.06,27.96,16.49
2018-02-08,0.13,28.62,17.16
2018-02-09,11.72,27.6,19.61
2018-02-10,5.46,25.25,19.86
2018-02-11,1.66,26.83,17.99
2018-02-12,4.58,28.88,17.93
2018-02-13,0.36,24.52,18.92
2018-02-14,0.05,27.75,18.64
2018-02-15,0.0,27.54,16.08
2018-02-16,0.0,27.39,17.78
2018-02-17,0.0,28.24,16.79
2018-02-18,14.26,26.41,17.34
2018-02-19,17.97,26.42,18.61
2018-02-20,3.35,27.91,18.46
2018-02-21,6.58,26.48,18.74
2018-02-22,9.64,27.28,19.48
2018-02-23,5.07,27.71,19.53
2018-02-24,12.1,26.04,18.9
2018-02-25,9.11,25.98,18.69
2018-02-26,16.96,25.84,19.42
2018-02-27,3.53,26.76,19.27
2018-02-28,13.9,26.23,19.49
2018-03-01,2.34,28.06,19.65
2018-03-02,5.78,26.0,19.38
2018-03-03,0.17,28.83,19.0
2018-03-04,0.11,29.05,18.86
2018-03-05,1.09,27.71,20.02
2018-03-06,11.96,29.2,18.87
2018-03-07,11.18,29.14,19.73
2018-03-08,8.12,27.91,19.83
2018-03-09,9.89,25.79,19.85
2018-03-10,15.81,26.04,19.35
2018-03-11,3.11,27.24,19.25
2018-03-12,0.12,29.46,19.15
2018-03-13,0.0,30.22,19.1
2018-03-14,1.88,29.55,19.14
2018-03-15,0.72,26.62,19.72
2018-03-16,3.1,27.69,20.86
2018-03-17,2.3,26.76,18.2
2018-03-18,2.4,28.41,16.76
2018-03-19,0.33,28.61,18.3
2018-03-20,1.74,28.78,17.67
2018-03-21,2.55,27.9,19.96
2018-03-22,3.38,25.63,20.02
2018-03-23,1.04,27.58,18.94
2018-03-24,0.45,26.46,18.79
2018-03-25,0.24,27.03,17.79
2018-03-26,0.15,26.81,17.84
2018-03-27,0.0,26.58,16.02
2018-03-28,0.0,26.99,16.06
2018-03-29,0.16,26.08,16.8
2018-03-30,0.01,27.27,16.63
2018-03-31,0.42,27.47,16.38
2018-04-01,22.48,26.92,17.54
2018-04-02,6.59,26.56,19.13
2018-04-03,21.69,27.84,17.86
2018-04-04,6.15,26.46,19.01
2018-04-05,7.25,26.94,18.48
2018-04-06,15.19,26.38,18.39
2018-04-07,5.46,26.52,16.97
2018-04-08,1.08,26.94,17.07
2018-04-09,0.07,26.16,17.03
2018-04-10,0.01,25.98,16.73
2018-04-11,0.04,25.53,15.68
2018-04-12,0.94,24.39,16.51
2018-04-13,0.1,24.82,15.95
2018-04-14,0.08,26.24,17.03
2018-04-15,10.42,25.02,17.61
2018-04-16,1.11,23.82,16.74
2018-04-17,0.57,21.99,15.34
2018-04-18,0.0,24.43,14.24
2018-04-19,0.0,25.06,14.95
2018-04-20,0.0,26.06,15.38
2018-04-21,0.0,25.0,14.33
2018-04-22,0.0,23.95,16.14
2018-04-23,1.11,25.78,15.15
2018-04-24,0.4,25.75,15.39
2018-04-25,0.01,25.96,15.64
2018-04-26,0.0,26.24,15.74
2018-04-27,0.05,26.88,14.83
2018-04-28,0.15,26.72,15.87
2018-04-29,0.02,26.34,14.64
2018-04-30,0.0,26.37,13.63
2018-05-01,0.0,26.54,14.43
2018-05-02,0.0,26.84,13.08
2018-05-03,0.0,27.23,12.76
2018-05-04,0.0,28.27,14.52
2018-05-05,0.05,28.17,14.52
2018-05-06,0.15,27.88,15.2
2018-05-07,2.16,25.95,15.44
2018-05-08,0.04,25.46,14.9
2018-05-09,0.0,25.21,14.96
2018-05-10,0.0,25.67,14.58
2018-05-11,0.0,26.42,13.89
2018-05-12,0.0,27.09,15.13
2018-05-13,0.31,26.92,16.44
2018-05-14,0.03,26.43,17.68
2018-05-15,0.0,26.45,15.09
2018-05-16,1.29,27.06,14.08
2018-05-17,0.07,26.71,15.58
2018-05-18,2.07,25.11,16.81
2018-05-19,14.55,24.94,16.65
2018-05-20,0.3,19.77,7.4
2018-05-21,0.01,23.27,4.19
2018-05-22,0.66,25.33,6.96
2018-05-23,0.0,26.17,9.21
2018-05-24,0.0,25.84,10.17
2018-05-25,0.0,24.99,13.82
2018-05-26,0.0,24.77,13.36
2018-05-27,0.0,24.78,13.27
2018-05-28,0.0,23.9,11.74
2018-05-29,0.0,22.98,11.91
2018-05-30,0.0,22.8,11.69
2018-05-31,0.0,24.39,10.25
2018-06-01,0.0,25.71,12.63
2018-06-02,0.0,26.7,13.12
2018-06-03,0.0,27.12,14.06
2018-06-04,0.0,26.03,14.92
2018-06-05,0.97,26.29,14.13
2018-06-06,0.01,27.21,14.03
2018-06-07,0.03,26.76,15.34
2018-06-08,0.04,26.67,14.42
2018-06-09,0.0,28.04,14.33
2018-06-10,0.0,27.45,15.91
2018-06-11,0.03,25.88,15.87
2018-06-12,0.01,28.01,15.54
2018-06-13,0.0,28.48,17.5
2018-06-14,0.57,28.44,14.67
2018-06-15,0.64,27.76,14.28
2018-06-16,0.06,27.7,15.53
2018-06-17,0.0,26.47,14.91
2018-06-18,0.0,25.47,13.45
2018-06-19,0.0,24.89,12.7
2018-06-20,0.0,24.74,13.3
2018-06-21,0.0,25.66,11.74
2018-06-22,0.0,25.54,13.45
2018-06-23,0.01,26.1,12.64
2018-06-24,0.02,26.87,13.09
2018-06-25,0.0,27.12,12.34
2018-06-26,0.0,27.18,14.1
2018-06-27,0.0,27.38,12.81
2018-06-28,0.0,26.86,12.26
2018-06-29,0.0,25.68,11.88
2018-06-30,0.0,26.88,11.67
2018-07-01,0.0,27.71,14.61
2018-07-02,0.0,27.91,13.33
2018-07-03,0.0,28.75,13.46
2018-07-04,0.0,28.11,12.88
2018-07-05,0.0,27.0,12.53
2018-07-06,0.0,27.13,11.33
2018-07-07,0.0,27.17,10.98
2018-07-08,0.0,28.84,14.41
2018-07-09,0.0,29.02,13.8
2018-07-10,0.28,27.46,12.67
2018-07-11,0.44,25.22,11.95
2018-07-12,0.0,26.49,10.87
2018-07-13,0.0,27.95,12.16
2018-07-14,0.0,27.9,12.81
2018-07-15,0.0,26.88,13.03
2018-07-16,0.0,27.57,12.21
2018-07-17,0.0,27.19,12.35
2018-07-18,0.0,26.93,13.27
2018-07-19,0.0,27.8,11.34
2018-07-20,0.0,28.46,11.76
2018-07-21,0.0,29.24,13.55
2018-07-22,0.0,27.69,12.93
2018-07-23,0.0,26.75,12.96
2018-07-24,0.0,26.68,11.8
2018-07-25,0.0,25.76,12.45
2018-07-26,0.0,26.24,11.3
2018-07-27,0.0,26.93,11.48
2018-07-28,0.0,28.26,11.96
2018-07-29,0.0,28.71,12.32
2018-07-30,0.0,29.19,12.78
2018-07-31,0.09,30.48,14.64
2018-08-01,0.97,28.95,13.97
2018-08-02,0.88,29.17,15.69
2018-08-03,2.51,28.59,15.08
2018-08-04,4.53,28.85,15.93
2018-08-05,0.44,29.26,14.59
2018-08-06,0.37,29.14,16.97
2018-08-07,0.02,29.24,15.83
2018-08-08,5.3,28.48,16.12
2018-08-09,0.13,29.32,14.89
2018-08-10,0.01,29.09,13.16
2018-08-11,0.0,28.58,7.99
2018-08-12,0.0,29.23,7.57
2018-08-13,0.0,29.46,9.26
2018-08-14,0.0,30.29,11.0
2018-08-15,0.0,31.56,11.62
2018-08-16,0.08,26.56,15.13
2018-08-17,0.8,24.99,15.3
2018-08-18,0.82,25.73,12.79
2018-08-19,0.05,27.54,13.12
2018-08-20,0.0,28.98,13.91
2018-08-21,0.0,28.57,12.85
2018-08-22,0.0,29.68,14.5
2018-08-23,0.0,29.78,15.34
2018-08-24,0.03,31.35,16.36
2018-08-25,0.19,29.27,16.92
2018-08-26,0.2,28.19,17.76
2018-08-27,0.0,26.14,17.18
2018-08-28,0.0,23.4,15.87
2018-08-29,0.0,28.89,14.62
2018-08-30,0.0,28.99,14.35
2018-08-31,0.0,30.08,13.88
2018-09-01,0.0,32.0,14.94
2018-09-02,0.0,32.08,15.66
2018-09-03,0.39,32.03,16.18
2018-09-04,0.06,27.29,12.07
2018-09-05,0.0,28.08,10.41
2018-09-06,0.0,30.21,10.96
2018-09-07,0.0,31.61,14.39
2018-09-08,0.0,32.06,13.72
2018-09-09,0.0,32.09,12.96
2018-09-10,0.0,31.89,12.86
2018-09-11,0.0,33.28,15.79
2018-09-12,0.0,32.91,15.95
2018-09-13,0.0,32.49,16.75
2018-09-14,8.69,30.17,18.93
2018-09-15,1.94,28.93,17.71
2018-09-16,9.08,28.32,17.69
2018-09-17,1.25,27.66,18.58
2018-09-18,1.77,28.9,17.58
2018-09-19,6.01,29.56,18.25
2018-09-20,9.15,27.35,18.24
2018-09-21,0.44,29.35,17.48
2018-09-22,0.0,32.87,16.81
2018-09-23,0.0,32.74,18.06
2018-09-24,0.06,33.82,19.09
2018-09-25,0.01,33.7,19.79
2018-09-26,0.16,33.02,17.9
2018-09-27,0.0,33.44,18.36
2018-09-28,0.0,33.21,20.55
2018-09-29,0.37,33.06,20.06
2018-09-30,0.31,34.89,19.69
2018-10-01,5.71,27.6,19.85
2018-10-02,3.09,31.83,17.55
2018-10-03,0.46,32.67,19.62
2018-10-04,0.37,33.17,20.96
2018-10-05,15.33,28.08,21.09
2018-10-06,37.53,25.91,19.36
2018-10-07,6.4,26.36,18.84
2018-10-08,0.23,30.03,18.2
2018-10-09,3.25,29.74,18.94
2018-10-10,3.01,28.27,20.12
2018-10-11,5.64,28.76,19.24
2018-10-12,0.33,31.03,19.65
2018-10-13,0.35,32.79,19.14
2018-10-14,0.66,31.03,20.24
2018-10-15,5.57,31.68,20.27
2018-10-16,3.52,26.53,20.23
2018-10-17,8.43,26.83,20.15
2018-10-18,20.84,27.69,19.97
2018-10-19,14.65,25.81,19.69
2018-10-20,0.32,28.77,17.97
2018-10-21,0.57,26.78,15.31
2018-10-22,0.59,28.73,16.84
2018-10-23,1.55,28.68,16.85
2018-10-24,23.92,26.59,19.77
2018-10-25,5.87,27.32,19.21
2018-10-26,0.94,28.78,18.54
2018-10-27,1.67,27.91,18.42
2018-10-28,0.1,28.29,19.17
2018-10-29,0.11,28.94,18.04
2018-10-30,0.02,27.9,20.06
2018-10-31,10.5,29.15,20.13
2018-11-01,9.72,28.68,20.79
2018-11-02,0.58,29.71,18.16
2018-11-03,12.92,28.74,18.49
2018-11-04,18.3,23.87,19.0
2018-11-05,21.68,25.52,18.4
2018-11-06,2.18,24.11,17.39
2018-11-07,13.41,26.82,17.83
2018-11-08,28.64,23.32,16.92
2018-11-09,27.19,21.37,15.74
2018-11-10,4.64,26.77,16.35
2018-11-11,3.48,27.77,18.09
2018-11-12,1.45,28.35,18.01
2018-11-13,0.06,29.26,19.57
2018-11-14,6.48,26.57,19.5
2018-11-15,4.54,25.87,20.52
2018-11-16,1.45,26.84,19.66
2018-11-17,0.77,26.51,19.32
2018-11-18,8.02,26.35,18.02
2018-11-19,25.61,24.15,19.32
2018-11-20,18.33,26.09,19.63
2018-11-21,21.07,24.1,17.85
2018-11-22,3.18,26.7,17.06
2018-11-23,15.95,24.66,18.69
2018-11-24,35.47,22.5,17.66
2018-11-25,19.7,25.17,17.26
2018-11-26,9.21,26.7,17.75
2018-11-27,0.01,26.59,16.13
2018-11-28,0.01,27.24,15.77
2018-11-29,0.0,27.57,15.27
2018-11-30,4.43,27.81,17.95
2018-12-01,32.44,24.74,19.25
2018-12-02,19.72,24.79,18.69
2018-12-03,12.45,26.38,19.62
2018-12-04,0.37,28.6,17.47
2018-12-05,2.62,28.33,18.69
2018-12-06,4.93,28.88,19.48
2018-12-07,21.22,28.03,20.74
2018-12-08,0.75,26.58,17.45
2018-12-09,0.02,25.79,14.48
2018-12-10,0.02,26.74,16.11
2018-12-11,0.45,27.5,15.82
2018-12-12,4.7,27.58,16.81
2018-12-13,4.49,26.34,18.15
2018-12-14,0.33,28.2,17.12
2018-12-15,0.97,28.64,18.26
2018-12-16,4.56,29.02,17.36
2018-12-17,0.38,28.94,17.99
2018-12-18,0.18,29.72,18.33
2018-12-19,0.18,29.2,19.89
2018-12-20,2.78,29.38,19.52
2018-12-21,0.39,30.62,21.63
2018-12-22,8.35,28.82,20.74
2018-12-23,1.47,28.79,18.24
2018-12-24,9.21,27.18,19.09
2018-12-25,5.83,25.33,19.14
2018-12-26,2.89,25.69,18.81
2018-12-27,19.42,24.08,17.62
2018-12-28,14.93,26.82,18.63
2018-12-29,13.2,27.18,18.58
2018-12-30,11.98,27.03,19.05
2018-12-31,11.73,26.61,19.58
2019-01-01,12.2,25.75,19.44
2019-01-02,0.92,28.28,17.98
2019-01-03,3.81,26.87,18.97
2019-01-04,3.07,24.73,17.73
2019-01-05,6.67,25.74,16.89
2019-01-06,0.7,27.93,17.56
2019-01-07,0.07,28.53,18.64
2019-01-08,1.03,29.09,18.57
2019-01-09,3.87,28.0,17.42
2019-01-10,0.41,26.34,15.55
2019-01-11,2.76,26.95,18.0
2019-01-12,0.66,24.97,18.88
2019-01-13,1.4,27.88,18.01
2019-01-14,1.05,28.02,17.72
2019-01-15,0.0,29.43,17.39
2019-01-16,4.07,29.13,19.84
2019-01-17,11.96,28.86,19.48
2019-01-18,2.29,28.04,17.75
2019-01-19,3.59,29.11,17.99
2019-01-20,4.1,29.34,18.72
2019-01-21,1.23,29.47,18.6
2019-01-22,3.01,29.37,19.63
2019-01-23,0.5,28.97,19.79
2019-01-24,0.0,29.87,18.35
2019-01-25,12.86,29.75,17.59
2019-01-26,9.57,26.27,18.57
2019-01-27,1.19,26.15,17.93
2019-01-28,0.03,28.83,16.64
2019-01-29,0.0,29.66,18.03
2019-01-30,6.91,29.39,18.08
2019-01-31,4.69,29.95,17.28
2019-02-01,0.78,30.44,17.46
2019-02-02,0.01,31.1,19.01
2019-02-03,5.94,30.73,19.63
2019-02-04,0.76,27.18,19.98
2019-02-05,6.65,26.68,19.29
2019-02-06,33.82,26.32,19.4
2019-02-07,24.51,27.66,18.96
2019-02-08,0.17,28.5,18.63
2019-02-09,0.58,28.9,17.97
2019-02-10,4.38,28.58,18.03
2019-02-11,11.64,27.73,18.54
2019-02-12,3.59,26.47,19.7
2019-02-13,2.45,27.37,19.07
2019-02-14,12.67,27.67,18.89
2019-02-15,9.57,25.09,19.38
2019-02-16,69.61,23.45,19.78
2019-02-17,9.92,25.8,19.5
2019-02-18,4.03,25.43,18.62
2019-02-19,0.7,27.69,17.42
2019-02-20,10.65,26.59,18.9
2019-02-21,23.36,26.03,19.24
2019-02-22,1.16,28.68,18.46
2019-02-23,0.05,28.94,18.54
2019-02-24,1.47,29.44,20.2
2019-02-25,3.81,27.76,21.23
2019-02-26,16.34,25.68,20.04
2019-02-27,14.2,26.15,19.01
2019-02-28,18.4,25.28,19.3
2019-03-01,19.72,25.49,18.14
2019-03-02,5.26,25.49,18.24
2019-03-03,18.31,25.69,17.62
2019-03-04,22.98,24.14,18.37
2019-03-05,5.88,24.84,17.43
2019-03-06,4.43,25.53,17.21
2019-03-07,20.47,26.32,17.2
2019-03-08,2.15,28.0,17.73
2019-03-09,2.47,28.91,17.85
2019-03-10,6.0,27.12,19.84
2019-03-11,3.74,24.01,18.62
2019-03-12,18.13,26.64,18.3
2019-03-13,11.65,26.54,17.97
2019-03-14,2.78,27.51,18.36
2019-03-15,1.97,28.38,18.82
2019-03-16,2.98,25.08,19.56
2019-03-17,8.07,26.98,20.06
2019-03-18,1.65,27.69,19.33
2019-03-19,0.78,28.83,18.81
2019-03-20,10.24,27.02,19.91
2019-03-21,2.15,26.36,19.78
2019-03-22,6.19,22.67,17.65
2019-03-23,2.15,26.1,16.78
2019-03-24,0.12,27.24,17.74
2019-03-25,0.01,27.57,17.92
2019-03-26,0.04,26.52,18.68
2019-03-27,0.02,24.65,19.6
2019-03-28,0.22,22.64,17.13
2019-03-29,2.38,26.0,15.42
2019-03-30,1.47,25.96,15.54
2019-03-31,0.22,26.84,15.73
2019-04-01,0.84,26.93,16.79
2019-04-02,0.29,27.93,17.92
2019-04-03,0.28,28.34,18.47
2019-04-04,0.66,28.12,18.6
2019-04-05,2.86,26.37,20.01
2019-04-06,3.58,27.01,19.18
2019-04-07,2.98,25.46,19.5
2019-04-08,8.49,23.45,18.81
2019-04-09,1.61,24.58,17.56
2019-04-10,0.25,26.41,17.77
2019-04-11,4.02,26.9,17.1
2019-04-12,13.76,26.94,18.62
2019-04-13,6.62,26.73,18.01
2019-04-14,6.91,25.0,18.72
2019-04-15,9.85,26.5,18.58
2019-04-16,8.26,26.18,18.22
2019-04-17,2.77,27.29,18.49
2019-04-18,0.02,27.19,16.19
2019-04-19,0.0,26.84,14.6
2019-04-20,0.0,27.4,13.59
2019-04-21,0.0,27.74,14.16
2019-04-22,4.06,27.2,17.46
2019-04-23,2.31,27.01,16.72
2019-04-24,0.11,26.5,17.35
2019-04-25,0.0,26.23,16.63
2019-04-26,0.47,26.43,16.53
2019-04-27,0.26,26.49,15.53
2019-04-28,0.85,26.96,17.83
2019-04-29,0.7,26.64,17.78
2019-04-30,0.02,27.07,16.13
2019-05-01,0.0,26.75,16.47
2019-05-02,12.52,26.71,18.18
2019-05-03,5.06,25.77,18.33
2019-05-04,1.13,25.43,18.4
2019-05-05,0.26,25.61,17.8
2019-05-06,0.0,26.41,15.61
2019-05-07,0.81,27.13,17.34
2019-05-08,0.15,27.0,16.06
2019-05-09,0.07,26.01,17.04
2019-05-10,1.07,26.24,16.62
2019-05-11,0.78,26.32,16.83
2019-05-12,0.06,27.4,16.61
2019-05-13,0.01,27.79,16.51
2019-05-14,0.55,27.6,17.37
2019-05-15,8.91,25.95,17.01
2019-05-16,6.47,21.46,17.15
2019-05-17,4.69,19.71,15.83
2019-05-18,4.41,23.62,15.42
2019-05-19,0.03,24.5,12.79
2019-05-20,0.03,24.76,12.28
2019-05-21,0.0,25.72,12.23
2019-05-22,0.0,25.87,12.98
2019-05-23,0.0,25.87,13.62
2019-05-24,0.0,25.4,16.24
2019-05-25,0.0,24.16,13.75
2019-05-26,0.0,25.46,10.35
2019-05-27,0.04,26.35,12.32
2019-05-28,0.0,26.07,13.2
2019-05-29,0.0,27.24,18.45
2019-05-30,0.0,26.82,14.69
2019-05-31,0.0,26.78,15.87
2019-06-01,0.0,26.77,15.94
2019-06-02,0.0,26.8,16.42
2019-06-03,2.18,25.79,14.19
2019-06-04,0.21,24.35,11.92
2019-06-05,0.0,22.13,8.72
2019-06-06,0.0,22.22,9.12
2019-06-07,0.0,21.95,9.5
2019-06-08,0.0,23.31,10.54
2019-06-09,0.0,23.82,9.86
2019-06-10,0.0,23.26,10.5
2019-06-11,0.0,23.88,11.18
2019-06-12,0.0,24.38,12.04
2019-06-13,0.0,24.9,14.09
2019-06-14,0.0,24.93,12.81
2019-06-15,0.0,24.29,11.46
2019-06-16,0.0,24.01,11.39
2019-06-17,0.01,24.18,11.25
2019-06-18,0.0,24.76,10.7
2019-06-19,0.0,25.47,12.71
2019-06-20,0.0,25.45,13.03
2019-06-21,0.0,24.46,11.69
2019-06-22,0.0,23.75,11.7
2019-06-23,0.0,24.1,12.9
2019-06-24,0.0,24.62,10.99
2019-06-25,0.0,25.85,12.81
2019-06-26,0.0,26.43,13.8
2019-06-27,0.0,26.81,14.86
2019-06-28,0.0,25.4,14.26
2019-06-29,0.0,25.04,12.58
2019-06-30,0.0,25.11,11.94
2019-07-01,0.0,26.18,13.58
2019-07-02,0.0,26.33,13.76
2019-07-03,0.0,25.81,11.96
2019-07-04,1.08,25.7,11.85
2019-07-05,1.14,25.12,14.31
2019-07-06,0.07,22.03,7.9
2019-07-07,0.0,22.09,5.23
2019-07-08,0.0,22.44,6.17
2019-07-09,0.0,23.43,7.69
2019-07-10,0.0,23.27,7.84
2019-07-11,0.0,24.59,8.08
2019-07-12,0.0,26.27,9.58
2019-07-13,0.0,27.37,12.76
2019-07-14,0.0,27.25,13.81
2019-07-15,0.0,27.28,14.44
2019-07-16,0.0,26.96,13.37
2019-07-17,0.0,25.8,12.19
2019-07-18,0.0,24.4,10.17
2019-07-19,0.0,22.95,9.55
2019-07-20,0.0,22.99,9.26
2019-07-21,0.0,23.04,10.79
2019-07-22,0.0,24.59,11.2
2019-07-23,0.0,25.12,11.28
2019-07-24,0.0,25.99,11.94
2019-07-25,0.0,25.69,11.52
2019-07-26,0.0,25.13,13.66
2019-07-27,0.0,25.23,10.71
2019-07-28,0.0,25.81,10.49
2019-07-29,0.0,25.1,10.91
2019-07-30,0.12,26.82,13.0
2019-07-31,0.01,28.18,13.74
2019-08-01,0.0,28.7,12.39
2019-08-02,0.0,29.58,13.97
2019-08-03,0.06,26.08,15.0
2019-08-04,1.15,26.36,12.62
2019-08-05,4.3,22.72,12.65
2019-08-06,0.0,24.62,13.96
2019-08-07,0.0,26.72,14.72
2019-08-08,0.0,27.06,14.82
2019-08-09,0.0,27.54,14.54
2019-08-10,0.0,28.15,14.74
2019-08-11,0.0,29.34,15.24
2019-08-12,0.0,29.53,15.55
2019-08-13,0.0,30.46,13.21
2019-08-14,0.0,28.41,14.91
2019-08-15,0.0,25.82,12.38
2019-08-16,0.1,25.88,11.57
2019-08-17,0.0,26.71,11.46
2019-08-18,0.0,28.25,12.22
2019-08-19,0.03,29.73,17.5
2019-08-20,0.11,30.7,16.44
2019-08-21,0.02,30.63,16.09
2019-08-22,0.0,30.27,14.54
2019-08-23,0.0,30.17,13.51
2019-08-24,0.0,29.21,12.07
2019-08-25,0.0,29.45,12.56
2019-08-26,0.0,29.04,13.56
2019-08-27,0.0,26.58,16.0
2019-08-28,0.0,28.11,14.07
2019-08-29,0.0,28.65,14.1
2019-08-30,0.0,30.22,14.63
2019-08-31,0.0,31.59,15.45
2019-09-01,0.09,32.58,17.59
2019-09-02,1.05,32.44,18.4
2019-09-03,0.05,33.8,17.82
2019-09-04,0.0,34.09,16.5
2019-09-05,0.0,34.34,17.82
2019-09-06,0.0,30.97,16.88
2019-09-07,0.0,31.66,16.8
2019-09-08,0.0,32.89,17.1
2019-09-09,0.0,31.84,16.74
2019-09-10,0.0,34.0,16.55
2019-09-11,0.0,35.45,17.34
2019-09-12,0.0,35.57,17.69
2019-09-13,0.0,36.69,19.78
2019-09-14,0.0,34.05,18.98
2019-09-15,0.0,33.82,17.61
2019-09-16,0.0,34.12,17.18
2019-09-17,0.0,34.05,17.29
2019-09-18,0.0,35.87,18.54
2019-09-19,0.0,36.46,19.81
2019-09-20,0.0,36.76,17.86
2019-09-21,0.0,36.6,20.67
2019-09-22,0.2,33.99,22.61
2019-09-23,0.14,31.73,18.85
2019-09-24,2.37,32.12,15.63
2019-09-25,11.19,29.78,18.26
2019-09-26,25.09,24.51,18.23
2019-09-27,0.1,29.38,17.03
2019-09-28,0.1,29.96,15.77
2019-09-29,0.0,31.99,16.77
2019-09-30,0.0,32.15,13.72
2019-10-01,0.0,31.7,17.18
2019-10-02,0.0,33.03,17.26
2019-10-03,0.06,33.99,16.49
2019-10-04,0.0,33.03,16.85
2019-10-05,0.0,32.63,18.1
2019-10-06,1.09,32.91,19.3
2019-10-07,5.36,32.95,20.15
2019-10-08,5.15,31.26,20.16
2019-10-09,7.48,28.85,19.88
2019-10-10,16.43,25.87,18.57
2019-10-11,1.5,28.84,17.89
2019-10-12,0.0,31.87,17.63
2019-10-13,0.0,32.83,17.99
2019-10-14,0.0,32.78,17.54
2019-10-15,0.12,33.5,18.17
2019-10-16,0.15,33.2,16.98
2019-10-17,0.0,33.76,18.98
2019-10-18,0.0,34.55,17.63
2019-10-19,0.05,35.52,20.6
2019-10-20,3.48,32.82,20.98
2019-10-21,9.04,27.5,19.5
2019-10-22,1.54,30.25,17.87
2019-10-23,0.05,31.83,18.34
2019-10-24,1.86,29.26,20.02
2019-10-25,0.49,33.2,18.1
2019-10-26,2.43,30.93,19.91
2019-10-27,4.18,30.69,19.95
2019-10-28,3.83,30.57,18.58
2019-10-29,3.64,28.1,19.05
2019-10-30,1.69,30.99,18.2
2019-10-31,1.34,30.85,18.79
2019-11-01,10.4,31.57,20.16
2019-11-02,4.49,28.61,20.14
2019-11-03,0.13,31.24,19.34
2019-11-04,1.7,32.96,20.47
2019-11-05,5.07,30.04,20.03
2019-11-06,0.61,31.46,19.23
2019-11-07,1.29,32.72,20.82
2019-11-08,2.82,31.05,20.43
2019-11-09,1.78,34.06,20.31
2019-11-10,2.43,33.64,20.74
2019-11-11,0.51,33.58,19.79
2019-11-12,1.08,33.97,19.55
2019-11-13,4.11,30.89,19.42
2019-11-14,4.9,29.01,20.38
2019-11-15,12.57,28.01,19.07
2019-11-16,1.76,30.45,19.29
2019-11-17,1.72,31.9,19.16
2019-11-18,3.16,29.03,19.64
2019-11-19,3.33,27.41,19.81
2019-11-20,8.84,27.96,18.85
2019-11-21,2.01,24.28,18.66
2019-11-22,4.4,27.03,17.76
2019-11-23,13.01,26.91,17.98
2019-11-24,5.79,28.71,17.22
2019-11-25,1.14,29.83,17.1
2019-11-26,0.43,30.21,18.23
2019-11-27,4.35,30.6,19.24
2019-11-28,23.73,28.3,19.94
2019-11-29,10.29,28.61,19.73
2019-11-30,10.72,25.98,19.78
2019-12-01,3.6,26.42,20.09
2019-12-02,10.18,26.18,20.07
2019-12-03,12.15,28.7,19.25
2019-12-04,20.11,25.56,19.86
2019-12-05,16.58,26.28,20.12
2019-12-06,11.61,26.77,19.26
2019-12-07,11.81,27.24,19.49
2019-12-08,3.97,26.61,17.27
2019-12-09,4.55,25.75,17.77
2019-12-10,10.36,25.62,18.95
2019-12-11,9.19,26.68,19.8
2019-12-12,10.61,24.6,19.72
2019-12-13,4.21,27.77,19.37
2019-12-14,0.34,27.84,19.08
2019-12-15,0.0,28.26,18.04
2019-12-16,0.0,29.19,17.47
2019-12-17,0.0,29.39,16.36
2019-12-18,16.86,30.07,18.62
2019-12-19,6.45,27.88,18.9
2019-12-20,9.18,27.28,19.41
2019-12-21,20.14,26.68,18.97
2019-12-22,6.61,29.17,17.95
2019-12-23,7.35,26.49,18.54
2019-12-24,2.96,25.87,17.7
2019-12-25,2.55,27.44,17.62
2019-12-26,19.47,27.34,19.9
2019-12-27,6.14,27.67,19.12
2019-12-28,0.01,28.49,17.55
2019-12-29,0.16,28.79,17.76
2019-12-30,1.02,28.62,18.47
2019-12-31,10.87,28.49,17.87
2020-01-01,8.7,28.52,17.76
2020-01-02,8.65,26.6,18.95
2020-01-03,11.04,28.13,18.07
2020-01-04,5.61,25.91,18.58
2020-01-05,2.79,28.38,18.79
2020-01-06,0.86,28.82,19.43
2020-01-07,3.26,26.57,19.88
2020-01-08,1.78,27.69,19.43
2020-01-09,5.57,27.82,20.01
2020-01-10,3.84,27.91,19.85
2020-01-11,7.37,29.93,20.45
2020-01-12,0.13,30.25,18.99
2020-01-13,0.15,30.83,19.65
2020-01-14,0.36,29.91,19.89
2020-01-15,0.9,28.72,20.87
2020-01-16,2.7,30.79,20.98
2020-01-17,13.3,25.01,20.01
2020-01-18,12.98,28.56,19.06
2020-01-19,4.47,29.23,19.62
2020-01-20,11.47,27.72,20.0
2020-01-21,11.4,28.89,19.34
2020-01-22,13.41,28.68,19.02
2020-01-23,24.27,24.2,20.01
2020-01-24,49.48,27.08,20.08
2020-01-25,12.22,24.22,17.93
2020-01-26,0.31,28.53,15.81
2020-01-27,1.65,28.94,18.59
2020-01-28,9.33,26.07,18.78
2020-01-29,9.38,23.51,19.23
2020-01-30,0.41,27.64,18.86
2020-01-31,0.71,28.39,19.9
2020-02-01,27.48,27.58,19.36
2020-02-02,8.01,29.78,21.49
2020-02-03,5.2,27.28,20.85
2020-02-04,13.21,26.43,20.03
2020-02-05,5.35,26.23,20.0
2020-02-06,28.88,23.56,19.19
2020-02-07,12.36,21.95,16.78
2020-02-08,2.07,23.65,16.53
2020-02-09,3.69,23.39,18.52
2020-02-10,5.61,26.36,18.5
2020-02-11,17.76,25.38,18.23
2020-02-12,17.35,26.02,18.65
2020-02-13,13.72,26.57,19.49
2020-02-14,5.33,28.48,18.6
2020-02-15,4.38,28.0,19.89
2020-02-16,7.22,28.44,19.25
2020-02-17,9.0,26.78,19.84
2020-02-18,11.43,26.31,20.02
2020-02-19,7.81,27.88,18.4
2020-02-20,3.82,28.22,19.15
2020-02-21,2.28,25.17,19.44
2020-02-22,8.46,26.1,18.6
2020-02-23,2.97,28.02,18.6
2020-02-24,5.93,25.32,19.96
2020-02-25,12.34,26.47,19.62
2020-02-26,23.48,25.04,19.23
2020-02-27,45.31,24.3,19.75
2020-02-28,35.59,25.3,18.97
2020-02-29,13.98,26.66,18.35
2020-03-01,16.32,26.72,18.76
2020-03-02,15.98,23.79,18.06
2020-03-03,4.25,27.56,16.93
2020-03-04,1.38,28.51,17.27
2020-03-05,1.76,27.77,16.99
2020-03-06,7.69,25.98,18.09
2020-03-07,2.38,25.71,17.73
2020-03-08,0.81,26.31,17.17
2020-03-09,1.04,27.53,16.0
2020-03-10,3.28,27.34,17.63
2020-03-11,0.77,27.38,18.03
2020-03-12,0.83,27.55,18.66
2020-03-13,2.32,27.82,18.51
2020-03-14,4.52,27.8,18.97
2020-03-15,2.52,26.08,19.15
2020-03-16,0.32,27.78,16.66
2020-03-17,2.64,28.69,18.1
2020-03-18,2.11,28.6,19.13
2020-03-19,3.38,27.65,19.93
2020-03-20,2.94,26.9,20.0
2020-03-21,9.53,25.82,19.45
2020-03-22,11.38,26.18,19.44
2020-03-23,0.69,25.82,17.49
2020-03-24,0.02,25.23,15.17
2020-03-25,0.03,25.37,15.68
2020-03-26,0.13,25.96,16.86
2020-03-27,0.17,25.74,17.95
2020-03-28,1.88,25.11,18.61
2020-03-29,0.61,25.85,17.99
2020-03-30,7.18,27.8,17.72
2020-03-31,2.57,27.4,17.18
2020-04-01,5.31,27.62,18.55
2020-04-02,3.5,28.24,18.77
2020-04-03,3.38,27.76,17.91
2020-04-04,0.33,27.9,18.11
2020-04-05,0.05,28.8,17.19
2020-04-06,0.75,28.87,17.88
2020-04-07,1.93,28.45,20.04
2020-04-08,2.85,27.48,19.58
2020-04-09,0.07,27.99,17.4
2020-04-10,0.21,27.43,14.48
2020-04-11,0.14,27.41,15.02
2020-04-12,0.12,27.59,15.32
2020-04-13,2.59,26.75,16.58
2020-04-14,7.75,23.94,18.3
2020-04-15,0.88,23.87,17.47
2020-04-16,1.79,23.33,17.75
2020-04-17,0.6,25.78,16.99
2020-04-18,2.91,24.76,17.75
2020-04-19,1.8,24.11,16.94
2020-04-20,0.08,25.02,17.12
2020-04-21,0.33,25.33,16.18
2020-04-22,0.85,25.3,16.82
2020-04-23,0.14,26.16,16.81
2020-04-24,0.0,26.12,16.67
2020-04-25,0.0,24.99,15.98
2020-04-26,0.0,25.54,13.11
2020-04-27,0.0,24.59,15.12
2020-04-28,0.0,23.49,13.19
2020-04-29,0.0,24.03,11.62
2020-04-30,0.0,24.84,12.59
2020-05-01,0.0,25.69,14.07
2020-05-02,0.0,25.42,13.52
2020-05-03,0.0,25.89,13.95
2020-05-04,0.0,25.07,12.82
2020-05-05,0.0,25.33,14.15
2020-05-06,0.81,25.96,15.58
2020-05-07,0.53,25.0,15.8
2020-05-08,0.0,22.99,13.88
2020-05-09,0.0,22.68,12.12
2020-05-10,0.0,22.79,11.84
2020-05-11,0.0,23.4,10.78
2020-05-12,0.0,24.45,10.85
2020-05-13,0.01,24.73,12.98
2020-05-14,0.72,23.5,14.53
2020-05-15,3.4,23.21,15.82
2020-05-16,0.42,25.17,15.5
2020-05-17,0.04,24.56,13.23
2020-05-18,0.0,24.24,12.19
2020-05-19,0.0,24.13,14.15
2020-05-20,0.0,22.36,14.47
2020-05-21,0.0,24.14,13.92
2020-05-22,0.12,25.14,13.83
2020-05-23,4.01,25.15,15.79
2020-05-24,8.18,21.52,13.55
2020-05-25,0.2,22.93,10.39
2020-05-26,0.04,21.09,6.71
2020-05-27,0.0,21.79,5.48
2020-05-28,0.0,23.03,6.84
2020-05-29,0.06,22.6,7.66
2020-05-30,0.0,22.57,8.56
2020-05-31,0.0,22.65,9.19
2020-06-01,0.0,23.8,12.23
2020-06-02,0.0,24.89,12.87
2020-06-03,0.0,25.87,13.67
2020-06-04,0.0,26.25,13.99
2020-06-05,0.0,25.4,14.67
2020-06-06,0.0,25.84,13.46
2020-06-07,0.0,26.46,14.06
2020-06-08,0.41,27.09,15.84
2020-06-09,1.08,26.38,16.19
2020-06-10,0.0,26.72,14.11
2020-06-11,0.0,26.63,14.18
2020-06-12,0.0,26.57,14.9
2020-06-13,0.0,26.6,13.52
2020-06-14,0.0,26.28,13.35
2020-06-15,0.0,24.16,13.44
2020-06-16,0.0,24.32,13.93
2020-06-17,0.0,23.13,13.55
2020-06-18,0.0,23.09,11.56
2020-06-19,0.0,25.12,10.64
2020-06-20,0.0,25.55,14.44
2020-06-21,0.0,25.02,12.86
2020-06-22,0.0,24.77,10.0
2020-06-23,0.0,24.5,10.57
2020-06-24,0.03,25.19,11.74
2020-06-25,0.0,25.8,12.37
2020-06-26,0.02,25.95,14.0
2020-06-27,0.0,25.98,11.89
2020-06-28,0.0,24.95,14.5
2020-06-29,0.0,23.78,14.42
2020-06-30,0.0,23.56,13.13
2020-07-01,0.0,25.09,12.62
2020-07-02,0.59,25.65,11.89
2020-07-03,0.15,26.3,10.47
2020-07-04,0.01,27.05,11.64
2020-07-05,0.06,25.05,14.74
2020-07-06,0.0,26.9,12.42
2020-07-07,0.0,25.3,12.25
2020-07-08,0.0,26.56,13.94
2020-07-09,0.07,27.7,12.38
2020-07-10,0.0,27.16,13.67
2020-07-11,0.0,25.52,13.95
2020-07-12,0.0,26.43,11.85
2020-07-13,0.0,28.49,13.28
2020-07-14,0.13,29.08,17.13
2020-07-15,0.08,27.68,16.2
2020-07-16,0.09,25.7,14.26
2020-07-17,0.23,25.62,12.37
2020-07-18,0.03,25.31,12.07
2020-07-19,0.0,24.39,11.73
2020-07-20,0.2,25.56,11.29
2020-07-21,0.2,26.62,13.66
2020-07-22,0.0,27.32,12.15
2020-07-23,0.0,26.56,11.62
2020-07-24,0.02,26.24,10.91
2020-07-25,0.0,26.56,11.55
2020-07-26,0.02,26.82,12.03
2020-07-27,0.01,26.43,13.76
2020-07-28,0.0,27.02,11.98
2020-07-29,0.0,27.6,15.44
2020-07-30,0.0,28.98,16.04
2020-07-31,0.0,26.21,15.41
2020-08-01,0.02,24.8,14.33
2020-08-02,0.0,26.02,11.75
2020-08-03,0.0,25.02,10.24
2020-08-04,0.0,25.29,9.7
2020-08-05,0.0,25.32,10.08
2020-08-06,0.0,25.3,10.03
2020-08-07,0.66,25.36,9.94
2020-08-08,0.2,25.42,11.01
2020-08-09,0.0,24.87,10.49
2020-08-10,0.0,25.55,11.31
2020-08-11,0.0,27.36,12.59
2020-08-12,0.0,26.37,13.11
2020-08-13,0.0,28.43,14.74
2020-08-14,0.03,29.54,14.6
2020-08-15,0.01,29.8,14.47
2020-08-16,0.0,31.41,14.88
2020-08-17,0.0,30.39,15.95
2020-08-18,0.0,31.29,16.82
2020-08-19,0.0,31.47,17.04
2020-08-20,0.0,32.77,17.44
2020-08-21,0.12,28.3,16.47
2020-08-22,1.36,20.32,13.01
2020-08-23,0.03,25.84,11.18
2020-08-24,0.0,27.49,11.16
2020-08-25,0.01,27.31,9.57
2020-08-26,0.0,27.7,8.34
2020-08-27,0.0,28.9,11.2
2020-08-28,0.0,29.68,13.15
2020-08-29,0.0,29.85,13.94
2020-08-30,0.18,30.94,14.24
2020-08-31,0.0,32.36,15.73
2020-09-01,0.0,30.88,16.76
2020-09-02,0.0,29.55,15.4
2020-09-03,0.0,30.13,14.27
2020-09-04,0.0,31.59,13.93
2020-09-05,0.0,31.75,13.93
2020-09-06,0.08,31.1,14.02
2020-09-07,0.0,32.91,15.4
2020-09-08,1.98,33.08,15.48
2020-09-09,2.2,33.1,16.12
2020-09-10,0.26,32.57,15.31
2020-09-11,0.01,34.15,15.99
2020-09-12,0.0,33.04,16.21
2020-09-13,0.0,31.77,15.97
2020-09-14,0.01,31.4,14.8
2020-09-15,0.01,32.35,16.24
2020-09-16,0.0,31.78,16.44
2020-09-17,0.0,33.53,17.77
2020-09-18,0.0,35.76,18.12
2020-09-19,0.01,36.66,21.94
2020-09-20,0.06,35.84,22.07
2020-09-21,1.08,33.6,20.68
2020-09-22,10.63,28.71,19.19
2020-09-23,0.08,26.31,16.34
2020-09-24,0.01,30.76,16.22
2020-09-25,0.01,32.45,16.34
2020-09-26,0.0,33.19,17.09
2020-09-27,0.0,35.31,17.23
2020-09-28,0.0,37.01,18.13
2020-09-29,0.0,37.76,22.34
2020-09-30,0.0,37.19,20.98
2020-10-01,0.0,36.55,20.97
2020-10-02,0.0,37.5,19.53
2020-10-03,0.0,38.82,20.02
2020-10-04,0.0,37.74,21.14
2020-10-05,0.0,37.18,21.44
2020-10-06,0.02,38.32,21.66
2020-10-07,0.01,39.59,22.54
2020-10-08,0.16,39.81,21.7
2020-10-09,0.07,37.31,24.65
2020-10-10,1.21,35.54,22.66
2020-10-11,0.55,36.2,21.16
2020-10-12,0.52,33.35,20.42
2020-10-13,0.82,30.63,19.88
2020-10-14,0.59,33.2,20.96
2020-10-15,0.53,32.11,21.17
2020-10-16,0.76,29.19,20.32
2020-10-17,2.95,30.16,18.02
2020-10-18,11.23,28.44,17.61
2020-10-19,3.1,24.4,17.69
2020-10-20,7.79,25.25,17.36
2020-10-21,2.75,26.75,17.61
2020-10-22,1.68,29.7,17.57
2020-10-23,4.26,23.18,17.8
2020-10-24,15.31,24.26,18.73
2020-10-25,6.52,29.85,18.62
2020-10-26,1.65,31.91,16.9
2020-10-27,1.57,29.62,18.77
2020-10-28,1.91,29.18,19.16
2020-10-29,2.29,29.05,20.16
2020-10-30,4.76,27.93,20.11
2020-10-31,3.75,29.72,18.76
2020-11-01,0.71,29.43,17.32
2020-11-02,0.02,28.16,14.88
2020-11-03,1.8,28.16,16.83
2020-11-04,0.02,30.15,15.79
2020-11-05,0.0,31.06,13.9
2020-11-06,0.0,33.41,14.34
2020-11-07,0.02,32.61,17.41
2020-11-08,2.53,33.26,19.26
2020-11-09,0.74,33.19,19.49
2020-11-10,5.17,28.81,19.42
2020-11-11,7.03,30.68,18.34
2020-11-12,3.29,30.71,19.17
2020-11-13,7.32,26.74,19.61
2020-11-14,7.29,26.99,18.65
2020-11-15,4.68,30.53,18.69
2020-11-16,2.09,31.73,18.93
2020-11-17,2.04,31.11,19.52
2020-11-18,16.28,29.37,19.79
2020-11-19,5.39,25.83,19.61
2020-11-20,0.1,30.72,17.63
2020-11-21,0.0,31.45,14.92
2020-11-22,0.51,30.42,18.1
2020-11-23,5.55,30.33,18.34
2020-11-24,3.08,27.35,18.89
2020-11-25,2.36,27.73,17.58
2020-11-26,0.19,28.95,16.88
2020-11-27,0.0,30.99,16.62
2020-11-28,0.0,31.08,17.85
2020-11-29,0.0,31.04,18.13
2020-11-30,0.04,31.73,16.42
2020-12-01,2.85,32.63,19.46
2020-12-02,2.72,31.08,20.7
2020-12-03,4.88,26.27,19.78
2020-12-04,1.17,34.29,18.93
2020-12-05,5.33,33.68,21.92
2020-12-06,9.15,27.52,20.79
2020-12-07,5.8,26.26,19.32
2020-12-08,7.36,29.04,18.27
2020-12-09,10.7,24.9,19.15
2020-12-10,3.19,26.57,18.38
2020-12-11,16.98,23.5,18.01
2020-12-12,13.02,24.87,17.78
2020-12-13,7.09,26.34,18.46
2020-12-14,0.05,30.12,17.93
2020-12-15,0.09,31.31,19.36
2020-12-16,0.0,31.61,18.34
2020-12-17,0.66,30.36,19.6
2020-12-18,8.35,30.53,19.37
2020-12-19,15.37,28.42,20.96
2020-12-20,3.67,28.41,19.71
2020-12-21,1.37,30.45,18.2
2020-12-22,9.15,25.55,19.46
2020-12-23,6.83,29.11,18.33
2020-12-24,16.21,28.57,20.05
2020-12-25,6.44,27.76,19.0
2020-12-26,7.55,27.06,18.96
2020-12-27,7.72,26.82,18.6
2020-12-28,5.19,26.06,18.49
2020-12-29,0.48,27.27,18.56
2020-12-30,0.25,29.35,17.26
2020-12-31,0.81,29.75,18.3
2021-01-01,14.41,29.57,19.03
2021-01-02,0.92,28.88,18.65
2021-01-03,16.93,28.36,18.55
2021-01-04,2.26,27.57,18.46
2021-01-05,0.06,29.94,17.51
2021-01-06,0.27,30.37,19.67
2021-01-07,8.42,28.51,19.89
2021-01-08,0.44,30.45,18.41
2021-01-09,1.91,30.23,18.41
2021-01-10,1.91,27.85,20.62
2021-01-11,0.17,28.63,19.58
2021-01-12,2.34,30.07,19.82
2021-01-13,6.68,28.65,20.02
2021-01-14,16.47,26.81,19.41
2021-01-15,3.27,26.44,18.04
2021-01-16,2.81,26.86,18.51
2021-01-17,0.44,27.45,17.91
2021-01-18,0.31,29.53,18.25
2021-01-19,0.0,30.47,17.35
2021-01-20,0.01,30.01,15.73
2021-01-21,0.0,30.36,16.63
2021-01-22,0.01,29.92,17.38
2021-01-23,0.01,30.99,16.7
2021-01-24,0.01,31.95,16.83
2021-01-25,0.01,32.14,18.34
2021-01-26,0.17,32.0,17.36
2021-01-27,0.0,32.81,20.11
2021-01-28,0.0,33.17,16.95
2021-01-29,0.0,33.99,16.39
2021-01-30,0.11,34.81,18.42
2021-01-31,0.56,35.12,20.67
2021-02-01,0.74,34.74,20.6
2021-02-02,1.97,32.95,20.08
2021-02-03,0.66,33.42,19.61
2021-02-04,0.88,32.37,20.7
2021-02-05,9.41,32.25,20.63
2021-02-06,29.85,28.25,19.76
2021-02-07,11.62,27.7,17.73
2021-02-08,9.09,27.28,18.3
2021-02-09,2.33,27.58,16.74
2021-02-10,0.33,28.42,17.42
2021-02-11,8.31,27.07,17.57
2021-02-12,21.23,23.57,18.84
2021-02-13,3.56,26.25,17.98
2021-02-14,22.23,25.43,18.14
2021-02-15,7.26,26.5,18.42
2021-02-16,2.01,27.95,18.06
2021-02-17,8.06,28.28,18.07
2021-02-18,9.12,28.69,17.6
2021-02-19,12.49,28.81,18.16
2021-02-20,2.67,29.07,18.83
2021-02-21,3.83,27.6,20.28
2021-02-22,4.97,29.1,19.46
2021-02-23,6.68,28.76,18.28
2021-02-24,0.28,29.53,16.97
2021-02-25,5.86,29.41,17.65
2021-02-26,9.52,24.68,17.8
2021-02-27,10.11,25.28,18.01
2021-02-28,2.1,25.85,17.54
2021-03-01,1.05,26.6,18.08
2021-03-02,1.63,26.31,18.33
2021-03-03,0.42,27.59,16.69
2021-03-04,1.0,28.66,17.54
2021-03-05,8.43,26.63,18.67
2021-03-06,6.56,26.96,17.61
2021-03-07,6.83,25.92,18.03
2021-03-08,6.1,24.51,16.45
2021-03-09,2.19,24.28,16.63
2021-03-10,2.14,26.46,17.58
2021-03-11,0.35,26.68,17.87
2021-03-12,4.46,28.46,17.7
2021-03-13,5.32,27.46,19.23
2021-03-14,10.48,24.72,18.52
2021-03-15,0.56,27.74,17.32
2021-03-16,0.32,27.11,17.68
2021-03-17,0.07,28.35,16.39
2021-03-18,0.0,28.73,16.65
2021-03-19,3.57,28.04,16.77
2021-03-20,0.33,28.34,16.68
2021-03-21,1.18,27.68,16.29
2021-03-22,0.26,28.94,16.57
2021-03-23,0.03,30.35,17.4
2021-03-24,0.02,30.42,17.17
2021-03-25,0.01,31.63,18.05
2021-03-26,0.2,31.26,17.31
2021-03-27,0.0,32.17,17.07
2021-03-28,0.01,32.65,19.83
2021-03-29,3.98,30.33,21.11
2021-03-30,3.46,30.6,18.28
2021-03-31,2.73,30.64,18.24
2021-04-01,0.26,30.79,16.35
2021-04-02,0.06,31.26,16.28
2021-04-03,0.96,31.71,18.22
2021-04-04,1.92,31.55,17.34
2021-04-05,1.97,29.19,18.84
2021-04-06,10.67,27.61,17.26
2021-04-07,13.49,26.02,18.56
2021-04-08,4.83,26.37,16.71
2021-04-09,1.73,26.81,14.61
2021-04-10,3.87,26.76,13.59
2021-04-11,1.52,27.35,12.21
2021-04-12,1.52,28.39,14.62
2021-04-13,1.74,28.76,13.84
2021-04-14,2.37,27.82,15.95
2021-04-15,1.8,27.49,16.75
2021-04-16,1.65,27.93,14.14
2021-04-17,2.05,27.76,14.86
2021-04-18,3.15,27.61,15.76
2021-04-19,0.05,27.95,14.64
2021-04-20,0.04,28.04,13.58
2021-04-21,1.46,27.88,12.61
2021-04-22,1.5,28.48,12.74
2021-04-23,1.46,28.92,12.33
2021-04-24,1.51,29.91,13.27
2021-04-25,1.77,28.64,14.38
2021-04-26,1.51,30.16,14.22
2021-04-27,1.45,29.58,16.86
2021-04-28,0.0,30.1,14.08
2021-04-29,0.0,29.42,13.55
2021-04-30,0.0,24.75,16.75
2021-05-01,0.0,24.77,15.93
2021-05-02,0.0,26.6,13.88
2021-05-03,0.0,28.31,12.47
2021-05-04,0.0,28.01,12.99
2021-05-05,0.0,28.8,12.92
2021-05-06,0.0,29.31,16.1
2021-05-07,0.0,29.75,13.12
2021-05-08,0.0,28.9,14.55
2021-05-09,0.0,27.91,14.4
2021-05-10,0.0,27.4,13.09
2021-05-11,0.0,28.16,12.55
2021-05-12,0.0,28.51,12.9
2021-05-13,0.0,28.38,14.99
2021-05-14,0.0,26.6,15.37
2021-05-15,0.12,26.99,13.96
2021-05-16,0.01,28.03,15.52
2021-05-17,0.0,29.15,13.82
2021-05-18,0.0,28.3,13.53
2021-05-19,0.0,28.92,12.88
2021-05-20,0.0,29.3,12.79
2021-05-21,0.0,29.93,13.99
2021-05-22,2.98,29.73,15.17
2021-05-23,0.05,28.95,16.35
2021-05-24,0.09,28.69,15.17
2021-05-25,0.0,30.77,13.04
2021-05-26,0.0,30.68,14.7
2021-05-27,0.0,31.43,15.55
2021-05-28,0.03,30.32,16.36
2021-05-29,0.88,30.04,16.35
2021-05-30,0.82,29.93,18.41
2021-05-31,2.27,28.45,16.95
2021-06-01,0.55,27.98,15.94
2021-06-02,0.5,28.9,14.71
2021-06-03,0.13,29.5,15.7
2021-06-04,0.01,29.05,15.29
2021-06-05,0.0,27.96,14.28
2021-06-06,0.0,27.05,16.17
2021-06-07,0.0,28.37,14.44
2021-06-08,0.14,29.61,14.49
2021-06-09,0.01,28.66,16.2
2021-06-10,1.15,28.97,16.42
2021-06-11,0.53,27.28,16.6
2021-06-12,0.11,27.65,15.4
2021-06-13,0.0,27.89,11.76
2021-06-14,0.0,27.45,12.04
2021-06-15,0.0,28.22,13.77
2021-06-16,0.0,28.08,12.04
2021-06-17,0.0,27.25,10.43
2021-06-18,0.0,28.1,11.32
2021-06-19,0.02,27.21,12.36
2021-06-20,0.0,28.43,13.28
2021-06-21,0.0,29.07,12.53
2021-06-22,0.0,29.59,15.35
2021-06-23,0.0,28.07,14.5
2021-06-24,0.0,27.23,13.24
2021-06-25,0.0,29.38,14.48
2021-06-26,0.0,27.93,13.52
2021-06-27,0.0,26.49,11.22
2021-06-28,0.0,26.98,12.29
2021-06-29,0.0,25.76,11.54
2021-06-30,0.0,25.08,6.73
2021-07-01,0.0,25.86,7.02
2021-07-02,0.0,26.05,11.19
2021-07-03,0.0,25.91,10.19
2021-07-04,0.0,25.6,10.41
2021-07-05,0.0,25.45,9.87
2021-07-06,0.0,25.88,10.69
2021-07-07,0.0,26.45,9.97
2021-07-08,0.0,26.68,10.08
2021-07-09,0.0,27.15,10.71
2021-07-10,0.0,26.52,10.47
2021-07-11,0.0,26.7,10.2
2021-07-12,0.0,26.95,10.82
2021-07-13,0.0,26.75,11.05
2021-07-14,0.0,26.48,10.49
2021-07-15,0.0,28.39,13.58
2021-07-16,0.0,29.41,13.53
2021-07-17,0.02,30.13,13.46
2021-07-18,0.07,30.02,16.05
2021-07-19,0.0,27.99,9.13
2021-07-20,0.01,27.88,5.46
2021-07-21,0.0,28.67,10.34
2021-07-22,0.0,29.44,13.28
2021-07-23,0.0,26.66,11.71
2021-07-24,0.0,26.31,10.72
2021-07-25,0.0,27.44,11.09
2021-07-26,0.0,27.41,10.07
2021-07-27,0.0,29.13,12.09
2021-07-28,0.0,29.16,12.03
2021-07-29,0.0,22.77,8.14
2021-07-30,0.0,26.87,5.63
2021-07-31,0.0,27.07,9.04
2021-08-01,0.0,27.85,10.5
2021-08-02,0.0,28.51,11.07
2021-08-03,0.04,29.14,14.27
2021-08-04,0.0,26.39,13.83
2021-08-05,0.0,23.91,14.15
2021-08-06,0.0,21.51,13.79
2021-08-07,0.0,25.3,13.44
2021-08-08,0.0,25.93,11.73
2021-08-09,0.0,27.39,12.0
2021-08-10,0.25,29.41,12.75
2021-08-11,0.0,30.69,16.81
2021-08-12,0.0,30.44,14.3
2021-08-13,0.0,30.07,14.54
2021-08-14,0.0,30.87,14.62
2021-08-15,0.0,32.06,16.05
2021-08-16,0.04,31.91,18.43
2021-08-17,0.17,31.15,17.82
2021-08-18,0.0,31.45,16.03
2021-08-19,0.02,29.7,14.86
2021-08-20,0.0,29.37,13.53
2021-08-21,0.0,29.61,14.12
2021-08-22,0.0,29.53,13.94
2021-08-23,0.0,31.1,14.39
2021-08-24,0.0,32.31,15.38
2021-08-25,0.0,31.99,15.88
2021-08-26,0.0,33.13,15.57
2021-08-27,0.0,33.58,17.64
2021-08-28,0.0,29.77,17.09
2021-08-29,0.51,28.8,16.24
2021-08-30,0.85,27.43,15.91
2021-08-31,0.0,28.02,14.36
2021-09-01,0.0,27.34,14.85
2021-09-02,0.0,28.31,14.27
2021-09-03,0.0,30.72,15.1
2021-09-04,0.0,32.79,15.54
2021-09-05,0.0,34.26,17.16
2021-09-06,0.0,35.78,19.54
2021-09-07,0.0,35.03,18.13
2021-09-08,0.0,34.79,19.59
2021-09-09,0.0,34.92,19.2
2021-09-10,0.01,34.67,20.33
2021-09-11,0.01,35.19,20.72
2021-09-12,0.0,35.43,19.85
2021-09-13,0.0,35.16,17.85
2021-09-14,0.0,36.19,19.66
2021-09-15,0.0,36.26,20.01
2021-09-16,0.0,36.12,21.58
2021-09-17,0.0,33.64,20.84
2021-09-18,0.0,34.59,16.75
2021-09-19,0.0,36.64,19.8
2021-09-20,0.0,35.78,22.22
2021-09-21,0.0,37.99,23.4
2021-09-22,0.0,35.84,21.67
2021-09-23,0.0,34.84,18.11
2021-09-24,0.26,35.97,19.47
2021-09-25,7.13,34.9,21.26
2021-09-26,2.91,32.2,20.38
2021-09-27,0.21,31.89,19.04
2021-09-28,0.12,32.78,19.68
2021-09-29,0.06,33.29,21.19
2021-09-30,0.0,34.2,19.17
2021-10-01,8.99,34.79,22.3
2021-10-02,1.23,33.73,19.97
2021-10-03,0.02,34.89,21.48
2021-10-04,3.51,35.44,22.99
2021-10-05,0.33,34.14,20.73
2021-10-06,0.31,34.35,21.52
2021-10-07,1.03,31.19,21.67
2021-10-08,0.12,30.68,20.65
2021-10-09,13.85,33.07,20.27
2021-10-10,15.43,26.98,20.39
2021-10-11,7.95,28.35,19.3
2021-10-12,0.78,29.23,16.21
2021-10-13,0.2,30.38,17.62
2021-10-14,7.65,30.56,17.97
2021-10-15,11.01,29.5,18.89
2021-10-16,3.44,27.1,20.02
2021-10-17,2.16,30.51,19.23
2021-10-18,2.44,30.51,19.35
2021-10-19,5.98,25.48,19.86
2021-10-20,3.66,29.25,17.74
2021-10-21,0.15,28.76,15.14
2021-10-22,0.0,31.12,15.07
2021-10-23,0.0,32.13,16.73
2021-10-24,0.07,30.61,19.63
2021-10-25,7.68,30.13,17.7
2021-10-26,11.81,27.74,19.31
2021-10-27,3.97,27.79,19.64
2021-10-28,0.21,31.05,18.6
2021-10-29,1.2,29.29,18.38
2021-10-30,3.33,29.45,19.06
2021-10-31,16.2,26.0,18.2
2021-11-01,5.85,28.27,17.55
2021-11-02,0.71,30.42,17.92
2021-11-03,1.26,29.37,17.14
2021-11-04,0.16,29.3,18.41
2021-11-05,0.02,32.87,16.89
2021-11-06,0.14,32.67,18.26
2021-11-07,3.79,31.06,19.26
2021-11-08,6.89,31.23,19.33
2021-11-09,2.8,29.96,19.75
2021-11-10,7.67,30.26,18.29
2021-11-11,30.99,23.57,19.2
2021-11-12,9.74,28.17,16.24
2021-11-13,0.14,25.64,14.09
2021-11-14,0.0,27.08,16.36
2021-11-15,0.03,27.54,15.88
2021-11-16,0.05,27.57,17.49
2021-11-17,0.57,28.39,17.46
2021-11-18,11.68,25.59,19.05
2021-11-19,23.56,25.98,18.71
2021-11-20,3.82,28.14,18.55
2021-11-21,6.08,25.62,17.27
2021-11-22,0.34,30.47,18.03
2021-11-23,0.28,32.23,18.61
2021-11-24,0.2,31.48,17.8
2021-11-25,1.24,31.04,18.31
2021-11-26,9.34,28.06,19.25
2021-11-27,30.38,26.9,18.9
2021-11-28,6.14,29.51,16.96
2021-11-29,0.06,31.0,19.54
2021-11-30,9.42,26.2,19.49
2021-12-01,6.19,30.24,19.84
2021-12-02,0.21,31.59,18.39
2021-12-03,1.09,30.24,18.14
2021-12-04,1.55,26.85,17.58
2021-12-05,0.36,29.68,17.96
2021-12-06,4.3,26.97,18.72
2021-12-07,9.4,29.3,17.34
2021-12-08,1.94,27.79,16.66
2021-12-09,0.04,29.63,14.61
2021-12-10,0.0,31.0,15.52
2021-12-11,0.68,30.71,17.87
2021-12-12,13.59,28.2,20.19
2021-12-13,19.99,24.79,20.23
2021-12-14,16.42,25.81,19.29
2021-12-15,8.73,27.07,18.9
2021-12-16,5.18,27.33,19.33
2021-12-17,12.31,27.01,19.52
2021-12-18,11.86,28.09,18.78
2021-12-19,5.06,28.45,19.42
2021-12-20,0.13,26.81,18.11
2021-12-21,0.0,28.16,18.08
2021-12-22,1.01,29.24,17.85
2021-12-23,11.75,29.35,18.91
2021-12-24,12.69,26.28,17.97
2021-12-25,2.6,27.29,16.56
2021-12-26,1.44,27.2,17.01
2021-12-27,0.51,29.43,16.55
2021-12-28,5.96,28.47,18.3
2021-12-29,12.24,28.6,19.31
2021-12-30,27.94,22.88,19.01
2021-12-31,11.09,22.86,18.41
2022-01-01,27.79,24.39,18.43
2022-01-02,7.82,26.91,17.25
2022-01-03,9.87,27.7,18.73
2022-01-04,19.47,24.36,19.54
2022-01-05,14.66,26.48,18.6
2022-01-06,27.95,25.73,18.96
2022-01-07,24.46,25.38,18.81
2022-01-08,24.41,24.86,19.11
2022-01-09,16.64,24.14,18.61
2022-01-10,20.28,23.01,18.12
2022-01-11,16.22,24.21,18.01
2022-01-12,2.14,26.57,18.42
2022-01-13,2.74,26.8,18.15
2022-01-14,0.13,28.58,17.83
2022-01-15,0.09,28.48,15.98
2022-01-16,4.07,26.29,18.45
2022-01-17,9.04,24.88,17.71
2022-01-18,6.14,26.93,18.52
2022-01-19,9.9,26.66,18.14
2022-01-20,9.09,26.17,18.35
2022-01-21,3.08,28.54,17.96
2022-01-22,3.64,27.73,18.48
2022-01-23,0.25,28.74,18.41
2022-01-24,2.75,28.77,17.4
2022-01-25,3.12,27.52,18.83
2022-01-26,3.86,25.65,17.5
2022-01-27,0.28,27.23,17.64
2022-01-28,1.25,26.81,17.15
2022-01-29,10.51,26.48,18.1
2022-01-30,8.51,23.7,18.88
2022-01-31,16.06,23.9,18.81
2022-02-01,16.08,25.44,17.44
2022-02-02,17.33,24.32,18.94
2022-02-03,8.45,26.54,18.13
2022-02-04,7.02,28.49,17.33
2022-02-05,18.5,27.99,19.95
2022-02-06,22.38,25.05,19.47
2022-02-07,23.97,23.77,18.2
2022-02-08,16.72,25.28,19.25
2022-02-09,14.67,25.56,18.84
2022-02-10,11.62,23.34,17.85
2022-02-11,25.78,24.68,16.94
2022-02-12,23.18,26.65,17.32
2022-02-13,13.5,25.79,18.08
2022-02-14,7.39,26.31,18.72
2022-02-15,6.17,28.37,17.79
2022-02-16,9.36,27.48,18.46
2022-02-17,6.51,26.0,18.75
2022-02-18,4.22,25.68,17.3
2022-02-19,5.85,24.94,17.52
2022-02-20,5.67,24.42,17.38
2022-02-21,5.42,25.22,16.93
2022-02-22,3.35,26.9,17.91
2022-02-23,2.58,27.84,17.94
2022-02-24,0.3,28.5,16.14
2022-02-25,10.18,27.62,18.6
2022-02-26,3.07,27.64,18.86
2022-02-27,0.09,27.56,16.27
2022-02-28,0.04,27.67,16.63
2022-03-01,0.0,27.26,16.17
2022-03-02,1.21,27.34,16.18
2022-03-03,4.06,27.3,16.27
2022-03-04,8.46,26.99,17.69
2022-03-05,1.3,26.38,17.58
2022-03-06,0.1,27.22,16.84
2022-03-07,0.04,27.24,16.57
2022-03-08,0.14,27.69,16.29
2022-03-09,0.08,27.42,17.02
2022-03-10,1.77,26.89,16.1
2022-03-11,2.52,27.88,17.17
2022-03-12,19.49,26.61,18.63
2022-03-13,8.19,26.0,18.56
2022-03-14,5.28,25.76,19.23
2022-03-15,9.13,26.82,18.32
2022-03-16,2.0,27.45,17.65
2022-03-17,2.5,26.87,18.14
2022-03-18,0.82,28.01,17.37
2022-03-19,5.35,27.98,17.08
2022-03-20,5.18,28.06,17.72
2022-03-21,0.29,26.1,17.99
2022-03-22,0.0,25.49,15.46
2022-03-23,0.0,26.19,17.54
2022-03-24,0.03,27.13,17.41
2022-03-25,0.01,27.42,16.93
2022-03-26,0.07,28.02,17.85
2022-03-27,0.47,28.09,17.89
2022-03-28,4.73,27.67,17.75
2022-03-29,4.45,27.08,17.87
2022-03-30,0.0,27.6,16.41
2022-03-31,1.44,27.8,18.22
2022-04-01,3.59,26.64,17.95
2022-04-02,1.92,26.92,17.7
2022-04-03,0.36,26.63,16.92
2022-04-04,0.05,27.13,17.75
2022-04-05,1.12,27.86,16.15
2022-04-06,3.51,27.42,17.82
2022-04-07,0.71,28.52,18.19
2022-04-08,0.11,28.34,17.99
2022-04-09,3.51,27.67,19.38
2022-04-10,0.37,27.85,18.09
2022-04-11,2.97,28.21,17.44
2022-04-12,13.91,25.4,18.77
2022-04-13,6.44,27.44,18.24
2022-04-14,1.43,27.0,17.27
2022-04-15,0.51,25.68,15.87
2022-04-16,0.01,25.01,12.98
2022-04-17,0.0,25.09,12.32
2022-04-18,0.03,25.49,12.93
2022-04-19,0.03,25.64,14.67
2022-04-20,0.0,25.95,14.6
2022-04-21,0.0,26.41,15.4
2022-04-22,0.0,26.43,16.18
2022-04-23,0.0,27.24,14.62
2022-04-24,0.0,27.54,15.9
2022-04-25,0.37,26.26,16.98
2022-04-26,0.14,26.37,15.96
2022-04-27,0.02,25.68,15.35
2022-04-28,0.0,26.08,14.36
2022-04-29,0.0,27.08,14.95
2022-04-30,0.0,25.69,15.33
2022-05-01,0.0,25.46,13.67
2022-05-02,0.0,26.26,13.31
2022-05-03,0.02,26.5,13.44
2022-05-04,0.35,26.04,15.03
2022-05-05,0.02,22.98,12.17
2022-05-06,0.0,27.17,12.28
2022-05-07,0.0,26.79,14.15
2022-05-08,0.25,25.93,15.26
2022-05-09,0.11,25.27,14.41
2022-05-10,0.02,24.77,13.29
2022-05-11,0.31,25.66,12.61
2022-05-12,0.21,25.33,15.65
2022-05-13,0.01,26.31,13.96
2022-05-14,9.83,25.67,14.01
2022-05-15,11.1,24.25,15.02
2022-05-16,4.87,24.18,15.15
2022-05-17,0.03,20.83,8.14
2022-05-18,0.01,15.28,3.83
2022-05-19,0.0,17.83,3.86
2022-05-20,0.0,19.43,3.43
2022-05-21,0.0,21.22,4.76
2022-05-22,0.0,22.86,6.86
2022-05-23,0.0,23.6,8.96
2022-05-24,0.0,23.89,9.99
2022-05-25,0.0,22.94,10.99
2022-05-26,0.02,23.32,11.3
2022-05-27,0.0,22.89,12.22
2022-05-28,0.0,23.38,12.27
2022-05-29,0.0,24.83,10.62
2022-05-30,0.0,26.03,12.81
2022-05-31,0.01,27.28,14.48
2022-06-01,0.0,27.12,14.15
2022-06-02,0.0,26.53,14.51
2022-06-03,0.0,27.58,13.91
2022-06-04,0.01,25.78,14.85
2022-06-05,0.01,24.55,12.44
2022-06-06,0.0,23.95,10.23
2022-06-07,0.0,25.1,11.01
2022-06-08,0.0,26.45,12.79
2022-06-09,0.06,26.33,14.58
2022-06-10,0.01,26.54,13.64
2022-06-11,0.01,24.27,14.62
2022-06-12,0.0,23.62,11.36
2022-06-13,0.0,24.71,9.41
2022-06-14,0.0,23.24,9.89
2022-06-15,0.0,25.73,12.63
2022-06-16,0.0,26.87,11.0
2022-06-17,0.0,25.97,10.59
2022-06-18,0.42,26.59,11.76
2022-06-19,0.16,25.82,13.3
2022-06-20,0.11,26.12,12.71
2022-06-21,0.01,26.12,12.45
2022-06-22,0.27,25.81,11.13
2022-06-23,0.0,26.24,10.66
2022-06-24,0.0,26.38,10.73
2022-06-25,0.0,26.59,11.32
2022-06-26,0.0,24.91,9.74
2022-06-27,0.0,24.23,11.5
2022-06-28,0.04,24.5,10.37
2022-06-29,0.0,26.45,12.34
2022-06-30,0.0,26.75,10.83
2022-07-01,0.0,26.21,11.07
2022-07-02,0.0,26.18,11.49
2022-07-03,0.0,26.95,11.47
2022-07-04,0.0,25.35,10.55
2022-07-05,0.0,25.14,9.86
2022-07-06,0.0,25.33,10.27
2022-07-07,0.0,25.37,10.29
2022-07-08,0.0,26.23,11.2
2022-07-09,0.0,25.45,11.42
2022-07-10,0.0,24.85,11.06
2022-07-11,0.0,24.37,10.5
2022-07-12,0.0,25.89,10.8
2022-07-13,0.0,27.18,11.92
2022-07-14,0.0,25.75,12.62
2022-07-15,0.0,26.05,10.9
2022-07-16,0.0,27.03,12.39
2022-07-17,0.0,29.25,13.93
2022-07-18,0.0,27.89,12.58
2022-07-19,0.0,26.96,11.75
2022-07-20,0.0,27.12,11.18
2022-07-21,0.0,26.18,12.07
2022-07-22,0.0,26.41,12.16
2022-07-23,0.0,26.84,11.0
2022-07-24,0.0,27.36,11.94
2022-07-25,0.0,27.56,11.69
2022-07-26,0.0,27.34,11.2
2022-07-27,0.0,26.74,11.63
2022-07-28,0.0,26.83,11.1
2022-07-29,0.0,28.69,10.94
2022-07-30,0.01,27.22,12.64
2022-07-31,0.0,28.58,12.87
2022-08-01,0.0,28.35,14.94
2022-08-02,0.0,29.12,14.63
2022-08-03,0.0,28.9,13.48
2022-08-04,0.0,28.1,14.14
2022-08-05,0.0,30.15,14.05
2022-08-06,0.0,30.97,16.01
2022-08-07,0.08,29.99,13.76
2022-08-08,0.0,29.98,16.43
2022-08-09,0.68,29.92,14.76
2022-08-10,2.26,23.42,8.69
2022-08-11,0.0,25.33,5.91
2022-08-12,0.0,26.2,8.68
2022-08-13,0.18,27.97,10.21
2022-08-14,0.0,27.95,11.59
2022-08-15,0.38,27.69,10.34
2022-08-16,0.01,29.78,13.19
2022-08-17,0.02,30.9,15.1
2022-08-18,0.0,30.03,14.28
2022-08-19,0.2,29.48,13.99
2022-08-20,0.0,26.61,13.32
2022-08-21,0.04,26.92,11.75
2022-08-22,0.0,26.84,11.88
2022-08-23,0.0,27.76,11.36
2022-08-24,0.0,27.62,12.24
2022-08-25,0.0,27.53,13.64
2022-08-26,0.0,26.53,13.27
2022-08-27,0.0,28.93,14.09
2022-08-28,0.0,31.46,15.67
2022-08-29,0.0,30.85,14.8
2022-08-30,0.0,24.46,13.47
2022-08-31,0.0,26.82,12.01
2022-09-01,0.0,27.72,10.62
2022-09-02,0.16,29.12,10.43
2022-09-03,0.04,31.89,12.67
2022-09-04,0.0,32.76,17.24
2022-09-05,0.0,31.21,16.56
2022-09-06,0.0,28.5,17.9
2022-09-07,0.0,29.77,15.37
2022-09-08,0.1,31.65,15.48
2022-09-09,0.0,32.83,16.11
2022-09-10,0.0,34.05,16.67
2022-09-11,0.0,35.68,18.81
2022-09-12,0.0,33.62,18.35
2022-09-13,0.0,34.11,18.8
2022-09-14,0.02,35.9,18.0
2022-09-15,0.04,33.78,17.78
2022-09-16,0.02,32.26,17.68
2022-09-17,0.15,30.11,17.37
2022-09-18,0.03,30.98,14.74
2022-09-19,0.0,34.4,17.96
2022-09-20,5.01,32.99,21.32
2022-09-21,1.86,32.88,18.74
2022-09-22,29.49,26.52,19.74
2022-09-23,0.11,27.83,14.96
2022-09-24,2.86,30.94,12.0
2022-09-25,13.18,29.61,14.85
2022-09-26,2.46,28.39,18.27
2022-09-27,6.01,23.93,18.54
2022-09-28,0.67,28.4,16.69
2022-09-29,0.34,29.25,16.85
2022-09-30,1.87,29.04,16.63
2022-10-01,3.77,30.32,16.87
2022-10-02,1.69,32.45,17.57
2022-10-03,3.64,32.03,17.23
2022-10-04,12.38,28.83,19.62
2022-10-05,2.77,29.22,17.69
2022-10-06,1.51,31.36,18.62
2022-10-07,10.27,28.0,18.88
2022-10-08,0.04,28.45,16.7
2022-10-09,0.52,24.48,18.7
2022-10-10,0.34,31.56,17.91
2022-10-11,0.21,30.9,18.78
2022-10-12,0.04,32.32,15.84
2022-10-13,0.76,31.87,16.21
2022-10-14,0.0,32.53,16.35
2022-10-15,0.0,31.25,17.1
2022-10-16,0.0,31.59,16.06
2022-10-17,0.0,29.99,15.07
2022-10-18,0.0,32.86,16.78
2022-10-19,1.04,33.18,19.32
2022-10-20,0.17,32.62,18.38
2022-10-21,0.53,26.99,19.25
2022-10-22,1.35,31.78,18.31
2022-10-23,0.18,31.92,18.5
2022-10-24,0.47,30.31,19.91
2022-10-25,1.21,32.75,17.56
2022-10-26,2.35,31.98,18.94
2022-10-27,1.21,32.89,17.93
2022-10-28,1.45,32.77,18.82
2022-10-29,0.53,32.53,20.07
2022-10-30,4.41,30.47,20.0
2022-10-31,12.43,30.33,19.29
2022-11-01,6.92,28.98,19.19
2022-11-02,1.66,26.36,15.92
2022-11-03,0.89,23.31,12.87
2022-11-04,0.24,25.49,12.94
2022-11-05,0.02,27.01,11.94
2022-11-06,2.06,27.09,15.32
2022-11-07,2.14,29.0,15.4
2022-11-08,4.65,30.6,17.15
2022-11-09,9.97,28.93,18.16
2022-11-10,8.43,30.25,16.78
2022-11-11,10.61,30.02,18.73
2022-11-12,0.33,29.7,18.63
2022-11-13,0.52,28.88,17.75
2022-11-14,9.88,27.71,19.56
2022-11-15,5.34,25.99,18.92
2022-11-16,0.62,30.8,18.36
2022-11-17,1.82,30.29,17.8
2022-11-18,0.27,29.82,17.26
2022-11-19,0.84,27.19,18.54
2022-11-20,1.47,28.39,16.77
2022-11-21,0.62,29.94,16.1
2022-11-22,10.75,29.67,19.0
2022-11-23,13.07,25.09,19.04
2022-11-24,5.7,28.41,18.21
2022-11-25,4.12,28.7,16.66
2022-11-26,1.16,29.58,16.16
2022-11-27,1.16,30.88,16.28
2022-11-28,3.46,29.45,17.55
2022-11-29,1.82,30.29,17.75
2022-11-30,0.53,30.15,18.23
2022-12-01,7.49,29.85,18.37
2022-12-02,5.33,26.68,19.31
2022-12-03,6.68,22.97,18.78
2022-12-04,6.44,26.28,17.38
2022-12-05,17.87,26.69,18.11
2022-12-06,33.61,25.31,19.3
2022-12-07,8.98,27.36,18.19
2022-12-08,1.65,28.91,18.38
2022-12-09,0.08,30.3,15.97
2022-12-10,2.99,29.55,18.69
2022-12-11,6.91,28.54,16.65
2022-12-12,7.54,26.74,19.61
2022-12-13,8.97,26.67,19.02
2022-12-14,7.34,28.48,18.94
2022-12-15,0.65,28.17,17.64
2022-12-16,3.68,26.92,17.24
2022-12-17,5.23,25.57,18.76
2022-12-18,21.06,26.3,18.77
2022-12-19,24.0,26.43,18.19
2022-12-20,22.45,24.67,18.67
2022-12-21,5.69,27.86,17.6
2022-12-22,1.04,26.91,16.03
2022-12-23,1.24,27.23,17.87
2022-12-24,1.08,26.56,18.5
2022-12-25,4.18,27.12,18.29
2022-12-26,15.0,23.96,18.56
2022-12-27,1.42,26.25,17.96
2022-12-28,11.12,24.89,18.04
2022-12-29,5.96,24.56,17.94
2022-12-30,5.96,26.68,18.04
2022-12-31,9.35,27.05,18.27
2023-01-01,6.0,27.69,17.45
2023-01-02,2.43,26.29,18.73
2023-01-03,11.19,25.63,18.58
2023-01-04,14.75,25.74,18.59
2023-01-05,8.23,25.43,18.43
2023-01-06,30.28,24.01,18.65
2023-01-07,29.85,25.24,17.97
2023-01-08,18.93,22.79,18.07
2023-01-09,6.94,25.42,17.03
2023-01-10,4.6,26.67,17.71
2023-01-11,23.01,24.3,18.57
2023-01-12,1.24,26.3,18.52
2023-01-13,7.44,25.91,19.07
2023-01-14,0.82,25.47,19.39
2023-01-15,0.74,28.15,19.5
2023-01-16,1.43,26.3,19.01
2023-01-17,2.74,28.05,16.83
2023-01-18,6.24,27.21,17.26
2023-01-19,4.14,27.82,18.51
2023-01-20,16.01,24.91,18.67
2023-01-21,11.52,25.64,17.9
2023-01-22,8.88,26.54,18.04
2023-01-23,19.56,25.77,17.21
2023-01-24,6.08,27.09,18.38
2023-01-25,7.18,24.96,19.07
2023-01-26,1.94,28.36,18.35
2023-01-27,12.08,27.05,18.56
2023-01-28,5.7,25.62,17.68
2023-01-29,10.0,26.9,17.74
2023-01-30,7.11,25.32,18.82
2023-01-31,2.66,26.31,18.23
2023-02-01,2.73,27.6,18.45
2023-02-02,0.17,25.62,18.4
2023-02-03,3.49,28.55,18.47
2023-02-04,6.13,26.82,18.0
2023-02-05,1.52,23.9,18.52
2023-02-06,12.26,26.9,19.04
2023-02-07,0.23,28.17,18.64
2023-02-08,3.61,27.87,18.41
2023-02-09,6.16,27.86,17.77
2023-02-10,15.17,26.63,19.21
2023-02-11,6.6,26.1,18.73
2023-02-12,5.83,26.06,18.5
2023-02-13,1.3,27.18,18.85
2023-02-14,0.63,27.55,18.95
2023-02-15,3.82,26.71,19.36
2023-02-16,7.01,26.23,20.17
2023-02-17,1.75,28.19,20.31
2023-02-18,2.2,27.52,18.93
2023-02-19,0.78,26.58,17.29
2023-02-20,4.24,26.51,18.42
2023-02-21,3.21,26.69,18.06
2023-02-22,8.79,27.16,17.21
2023-02-23,3.47,26.43,18.34
2023-02-24,1.67,26.22,18.1
2023-02-25,8.82,26.91,19.54
2023-02-26,0.47,28.38,17.9
2023-02-27,0.01,27.36,19.0
2023-02-28,0.0,28.36,18.15
2023-03-01,4.73,26.81,18.58
2023-03-02,0.97,25.63,17.96
2023-03-03,1.98,27.74,17.04
2023-03-04,0.14,29.14,18.33
2023-03-05,0.27,28.39,17.98
2023-03-06,2.55,28.56,18.69
2023-03-07,11.61,25.42,18.19
2023-03-08,26.26,25.37,16.86
2023-03-09,2.37,25.24,18.62
2023-03-10,9.0,25.11,18.68
2023-03-11,8.86,24.34,18.14
2023-03-12,2.71,26.74,17.67
2023-03-13,2.76,25.65,19.28
2023-03-14,2.57,25.1,18.45
2023-03-15,5.33,24.98,18.44
2023-03-16,1.27,26.41,17.74
2023-03-17,4.65,25.78,17.69
2023-03-18,0.21,26.69,16.69
2023-03-19,0.13,27.05,17.32
2023-03-20,0.1,24.28,18.18
2023-03-21,0.0,26.74,16.84
2023-03-22,0.02,27.94,16.9
2023-03-23,0.04,27.91,17.16
2023-03-24,0.12,27.8,17.0
2023-03-25,0.0,28.18,16.07
2023-03-26,0.0,29.28,16.19
2023-03-27,1.03,29.68,16.75
2023-03-28,7.38,27.91,17.33
2023-03-29,1.73,26.48,18.26
2023-03-30,0.07,28.14,17.59
2023-03-31,0.51,29.09,16.24
2023-04-01,0.79,26.6,18.21
2023-04-02,1.05,27.22,16.75
2023-04-03,8.78,23.98,17.49
2023-04-04,2.98,26.29,16.46
2023-04-05,2.55,26.84,16.05
2023-04-06,5.25,27.57,15.84
2023-04-07,10.08,25.78,18.0
2023-04-08,3.38,27.11,17.62
2023-04-09,1.46,26.71,18.46
2023-04-10,0.62,26.9,17.87
2023-04-11,10.01,26.3,17.23
2023-04-12,14.52,23.02,17.7
2023-04-13,0.46,27.25,16.34
2023-04-14,7.2,26.78,19.04
2023-04-15,0.17,27.47,17.42
2023-04-16,0.0,27.41,16.97
2023-04-17,0.0,28.09,15.28
2023-04-18,10.22,27.34,17.47
2023-04-19,7.51,23.73,18.64
2023-04-20,0.11,23.46,12.8
2023-04-21,0.02,25.29,11.85
2023-04-22,0.06,25.18,16.13
2023-04-23,0.36,25.47,15.26
2023-04-24,0.02,25.79,13.57
2023-04-25,0.0,25.79,14.07
2023-04-26,0.9,26.61,15.29
2023-04-27,4.92,26.51,16.32
2023-04-28,1.52,26.85,17.02
2023-04-29,0.29,27.11,15.94
2023-04-30,0.75,25.97,14.18
2023-05-01,0.08,26.11,14.17
2023-05-02,0.0,26.17,12.4
2023-05-03,0.0,26.58,12.38
2023-05-04,0.01,27.14,12.98
2023-05-05,0.0,27.55,14.33
2023-05-06,0.05,27.37,14.42
2023-05-07,0.07,27.08,14.94
2023-05-08,0.03,27.03,13.81
2023-05-09,0.0,26.85,14.26
2023-05-10,0.0,27.52,15.25
2023-05-11,0.0,26.85,15.19
2023-05-12,0.0,26.58,13.38
2023-05-13,0.0,25.58,10.38
2023-05-14,0.02,26.67,9.9
2023-05-15,0.0,26.9,10.27
2023-05-16,0.05,26.51,9.34
2023-05-17,0.12,26.45,8.97
2023-05-18,0.1,26.03,9.15
2023-05-19,0.0,25.88,9.02
2023-05-20,0.02,25.27,9.04
2023-05-21,0.0,24.8,10.14
2023-05-22,0.21,25.03,9.93
2023-05-23,0.0,24.88,11.91
2023-05-24,0.0,25.19,12.01
2023-05-25,0.0,25.64,13.67
2023-05-26,0.0,25.74,12.44
2023-05-27,0.0,26.16,13.3
2023-05-28,0.0,27.29,13.96
2023-05-29,3.18,26.8,14.92
2023-05-30,1.08,25.33,14.73
2023-05-31,4.48,24.13,14.59
2023-06-01,0.1,25.74,13.21
2023-06-02,0.02,25.56,10.51
2023-06-03,0.13,25.65,11.48
2023-06-04,0.36,25.31,10.38
2023-06-05,0.04,24.82,8.98
2023-06-06,0.0,25.38,9.96
2023-06-07,0.04,25.42,10.0
2023-06-08,0.06,25.58,10.16
2023-06-09,0.0,26.25,10.44
2023-06-10,0.0,26.84,13.16
2023-06-11,0.0,27.49,13.68
2023-06-12,0.0,27.66,14.0
2023-06-13,0.01,28.24,13.15
2023-06-14,0.0,28.04,13.31
2023-06-15,0.02,26.05,14.52
2023-06-16,0.43,25.17,15.08
2023-06-17,0.09,24.9,12.63
2023-06-18,0.0,25.72,9.76
2023-06-19,0.0,25.95,9.85
2023-06-20,0.0,25.3,10.43
2023-06-21,0.0,25.48,9.9
2023-06-22,0.0,25.53,9.54
2023-06-23,0.0,25.6,9.78
2023-06-24,0.0,24.88,10.68
2023-06-25,0.0,24.01,12.25
2023-06-26,0.0,26.45,10.78
2023-06-27,0.0,26.3,10.45
2023-06-28,0.0,26.25,10.21
2023-06-29,0.0,26.22,10.17
2023-06-30,0.0,26.24,11.38
2023-07-01,0.0,26.17,10.87
2023-07-02,0.0,26.14,10.4
2023-07-03,0.0,24.86,10.65
2023-07-04,0.0,24.39,8.73
2023-07-05,0.0,24.27,8.58
2023-07-06,0.02,23.93,7.99
2023-07-07,0.0,25.39,8.76
2023-07-08,0.17,26.49,10.57
2023-07-09,0.0,28.31,15.76
2023-07-10,0.0,28.82,12.74
2023-07-11,0.0,29.42,13.99
2023-07-12,0.0,29.39,13.24
2023-07-13,1.17,28.9,14.25
2023-07-14,2.47,24.06,11.09
2023-07-15,0.0,27.69,9.12
2023-07-16,0.0,27.92,13.68
2023-07-17,0.01,28.36,16.49
2023-07-18,0.09,28.64,16.4
2023-07-19,1.02,27.22,16.44
2023-07-20,0.23,26.57,16.05
2023-07-21,0.0,24.3,14.59
2023-07-22,0.0,24.84,12.02
2023-07-23,0.0,26.79,11.79
2023-07-24,0.0,26.01,13.95
2023-07-25,0.0,26.89,13.04
2023-07-26,0.0,27.37,11.85
2023-07-27,0.0,28.45,12.49
2023-07-28,0.0,28.23,13.81
2023-07-29,0.0,28.13,15.07
2023-07-30,0.0,28.69,13.95
2023-07-31,0.0,28.35,13.91
2023-08-01,0.0,29.32,13.41
2023-08-02,0.0,29.35,12.25
2023-08-03,0.0,29.91,12.79
2023-08-04,0.0,30.83,12.54
2023-08-05,0.0,31.2,12.93
2023-08-06,0.0,30.02,14.1
2023-08-07,0.0,30.18,11.82
2023-08-08,0.0,31.87,13.87
2023-08-09,0.0,29.98,14.88
2023-08-10,0.0,30.68,14.61
2023-08-11,0.0,32.06,13.9
2023-08-12,0.0,32.63,15.4
2023-08-13,0.52,29.35,17.33
2023-08-14,0.02,30.32,17.88
2023-08-15,0.01,28.81,16.56
2023-08-16,0.0,26.79,17.04
2023-08-17,0.0,28.65,15.45
2023-08-18,0.0,30.54,14.59
2023-08-19,0.7,31.16,15.55
2023-08-20,9.02,29.95,15.83
2023-08-21,0.12,29.24,14.93
2023-08-22,0.0,30.84,15.53
2023-08-23,0.0,33.15,16.59
2023-08-24,0.03,34.08,19.7
2023-08-25,0.57,31.85,19.42
2023-08-26,1.26,32.13,19.1
2023-08-27,4.66,30.09,15.59
2023-08-28,0.8,29.8,15.09
2023-08-29,4.71,30.21,15.25
2023-08-30,2.64,29.73,16.4
2023-08-31,1.42,31.18,17.34
2023-09-01,0.16,31.2,16.66
2023-09-02,0.01,31.31,18.74
2023-09-03,1.02,32.39,18.29
2023-09-04,0.14,33.73,18.77
2023-09-05,1.82,27.06,20.86
2023-09-06,0.02,31.03,19.09
2023-09-07,0.03,29.41,17.27
2023-09-08,0.01,30.46,15.22
2023-09-09,0.0,31.22,14.05
2023-09-10,0.0,32.22,15.26
2023-09-11,0.0,32.0,15.84
2023-09-12,0.0,31.84,15.76
2023-09-13,0.0,34.88,16.91
2023-09-14,0.04,33.45,18.37
2023-09-15,0.14,32.96,17.7
2023-09-16,0.04,32.38,19.04
2023-09-17,0.04,32.85,20.58
2023-09-18,0.0,34.94,18.69
2023-09-19,0.0,34.75,17.89
2023-09-20,0.01,35.31,19.2
2023-09-21,0.0,34.95,19.31
2023-09-22,0.0,35.27,20.5
2023-09-23,0.0,36.2,22.63
2023-09-24,0.04,37.26,24.33
2023-09-25,0.13,38.53,24.38
2023-09-26,0.02,37.37,26.22
2023-09-27,1.43,35.21,24.65
2023-09-28,6.78,35.54,22.65
2023-09-29,20.45,30.11,21.12
2023-09-30,5.19,32.96,19.29
2023-10-01,44.39,24.74,20.71
2023-10-02,11.39,30.25,19.38
2023-10-03,1.22,30.51,20.13
2023-10-04,0.14,31.71,20.05
2023-10-05,0.54,32.38,19.84
2023-10-06,2.07,33.61,21.05
2023-10-07,1.96,32.86,20.62
2023-10-08,3.19,33.38,21.8
2023-10-09,2.19,31.79,21.43
2023-10-10,0.04,33.41,19.59
2023-10-11,0.02,33.02,20.99
2023-10-12,2.67,34.4,21.47
2023-10-13,22.59,28.66,21.79
2023-10-14,0.69,31.55,20.47
2023-10-15,0.31,29.2,20.95
2023-10-16,0.0,32.8,18.98
2023-10-17,0.0,33.56,18.82
2023-10-18,0.0,34.0,19.74
2023-10-19,4.1,33.16,20.48
2023-10-20,1.01,32.43,19.42
2023-10-21,0.03,32.92,19.37
2023-10-22,0.0,33.66,18.44
2023-10-23,0.0,34.64,18.35
2023-10-24,4.2,35.46,20.58
2023-10-25,7.73,31.61,21.26
2023-10-26,4.81,32.17,20.4
2023-10-27,12.32,30.61,20.8
2023-10-28,6.76,31.4,20.2
2023-10-29,8.1,30.18,21.43
2023-10-30,2.18,30.86,21.41
2023-10-31,1.95,30.06,21.53
2023-11-01,0.91,30.91,20.14
2023-11-02,6.95,32.5,20.28
2023-11-03,11.26,27.81,19.9
2023-11-04,1.61,30.02,19.68
2023-11-05,0.0,31.86,15.2
2023-11-06,0.03,32.5,15.35
2023-11-07,0.0,32.39,18.11
2023-11-08,0.0,32.76,16.52
2023-11-09,0.0,33.86,16.32
2023-11-10,0.0,34.49,16.56
2023-11-11,0.0,35.98,18.69
2023-11-12,0.0,37.24,18.81
2023-11-13,0.0,38.4,20.72
2023-11-14,0.0,39.51,20.78
2023-11-15,0.57,39.78,21.46
2023-11-16,1.69,38.65,21.68
2023-11-17,0.16,39.48,24.35
2023-11-18,0.13,37.62,23.25
2023-11-19,5.23,37.95,23.23
2023-11-20,3.99,32.58,20.96
2023-11-21,5.7,29.44,21.28
2023-11-22,3.74,32.33,20.93
2023-11-23,2.7,32.53,20.06
2023-11-24,1.52,32.79,20.65
2023-11-25,1.21,31.62,20.2
2023-11-26,0.31,32.48,20.15
2023-11-27,1.6,29.76,19.94
2023-11-28,5.36,32.79,19.48
2023-11-29,13.16,26.65,20.3
2023-11-30,0.22,31.89,19.31
2023-12-01,0.98,33.79,19.61
2023-12-02,9.63,31.61,21.01
2023-12-03,6.2,32.53,19.11
2023-12-04,1.53,26.53,20.42
2023-12-05,12.38,31.78,20.41
2023-12-06,0.85,32.29,19.9
2023-12-07,0.0,34.05,19.41
2023-12-08,2.13,34.54,20.41
2023-12-09,1.34,33.13,22.25
2023-12-10,1.53,33.39,19.75
2023-12-11,11.6,31.84,21.27
2023-12-12,1.38,32.4,19.46
2023-12-13,0.41,33.42,19.89
2023-12-14,0.48,34.33,20.68
2023-12-15,0.03,35.27,20.09
2023-12-16,0.0,34.97,19.1
2023-12-17,0.01,34.37,19.73
2023-12-18,0.5,35.17,19.5
2023-12-19,1.35,33.14,21.18
2023-12-20,2.54,33.37,20.32
2023-12-21,4.18,31.33,21.28
2023-12-22,8.89,29.17,20.3
2023-12-23,25.6,29.14,19.61
2023-12-24,3.14,28.85,20.27
2023-12-25,3.39,30.46,20.57
2023-12-26,0.4,30.83,21.15
2023-12-27,1.46,31.96,20.31
2023-12-28,0.74,33.01,20.68
2023-12-29,0.89,34.05,21.63
2023-12-30,0.63,31.28,21.86
2023-12-31,13.18,30.43,20.58
2024-01-01,10.25,27.79,20.49
2024-01-02,7.15,27.77,19.29
2024-01-03,23.22,25.59,20.43
2024-01-04,7.6,25.76,20.14
2024-01-05,1.15,29.39,18.66
2024-01-06,0.27,30.88,18.93
2024-01-07,1.45,30.07,20.16
2024-01-08,0.6,26.97,20.76
2024-01-09,5.23,26.45,20.01
2024-01-10,1.97,27.24,19.44
2024-01-11,0.42,31.35,19.97
2024-01-12,8.73,30.24,19.88
2024-01-13,4.14,27.84,20.31
2024-01-14,6.54,29.02,19.6
2024-01-15,0.91,28.04,20.24
2024-01-16,0.0,31.85,19.12
2024-01-17,0.21,33.52,19.83
2024-01-18,5.74,31.44,22.34
2024-01-19,6.02,29.64,21.06
2024-01-20,4.27,31.3,19.95
2024-01-21,0.71,31.16,20.33
2024-01-22,0.32,31.81,18.95
2024-01-23,2.88,31.47,20.11
2024-01-24,4.52,31.1,19.36
2024-01-25,0.08,32.06,18.42
2024-01-26,0.02,32.2,16.04
2024-01-27,0.02,31.73,16.32
2024-01-28,2.59,32.54,19.49
2024-01-29,1.5,33.65,19.14
2024-01-30,0.0,34.54,18.56
2024-01-31,1.55,32.55,19.02
2024-02-01,13.17,31.42,18.65
2024-02-02,1.16,26.73,19.47
2024-02-03,6.4,28.09,18.82
2024-02-04,1.81,28.11,17.91
2024-02-05,5.4,29.42,17.86
2024-02-06,0.55,30.53,18.18
2024-02-07,12.54,28.09,18.81
2024-02-08,2.39,29.06,18.5
2024-02-09,1.73,29.86,18.61
2024-02-10,0.24,29.85,18.04
2024-02-11,2.23,29.75,18.96
2024-02-12,0.34,31.94,17.7
2024-02-13,0.03,33.59,17.86
2024-02-14,0.29,34.11,18.72
2024-02-15,2.13,31.96,19.58
2024-02-16,2.49,30.64,19.23
2024-02-17,4.22,31.62,19.56
2024-02-18,3.8,28.58,17.89
2024-02-19,3.21,29.6,19.05
2024-02-20,4.38,25.92,19.06
2024-02-21,7.19,28.07,19.77
2024-02-22,2.57,30.65,19.47
2024-02-23,7.6,27.6,19.69
2024-02-24,1.6,29.85,19.21
2024-02-25,0.92,30.6,19.44
2024-02-26,1.0,31.5,20.1
2024-02-27,0.0,32.74,17.06
2024-02-28,0.52,34.04,18.3
2024-02-29,0.66,35.42,19.77
2024-03-01,1.63,35.18,22.19
2024-03-02,0.79,35.26,19.95
2024-03-03,0.36,34.96,18.92
2024-03-04,5.57,32.28,19.99
2024-03-05,4.57,30.56,19.89
2024-03-06,3.79,30.72,19.9
2024-03-07,6.15,31.38,20.86
2024-03-08,5.06,32.03,20.26
2024-03-09,11.44,31.77,20.73
2024-03-10,3.34,28.12,21.61
2024-03-11,0.59,32.25,19.67
2024-03-12,2.03,31.1,22.48
2024-03-13,11.8,32.03,21.36
2024-03-14,1.34,31.88,21.33
2024-03-15,0.39,32.68,20.4
2024-03-16,1.38,33.61,20.54
2024-03-17,1.32,33.89,21.81
2024-03-18,8.57,32.84,20.51
2024-03-19,10.48,32.51,21.7
2024-03-20,2.54,30.63,20.25
2024-03-21,2.92,27.06,21.26
2024-03-22,4.37,29.56,19.22
2024-03-23,7.2,26.01,19.17
2024-03-24,7.1,26.21,18.89
2024-03-25,14.66,24.67,19.0
2024-03-26,9.56,24.05,17.85
2024-03-27,13.0,26.05,16.97
2024-03-28,25.74,24.33,18.49
2024-03-29,5.74,27.5,18.86
2024-03-30,8.23,28.24,20.0
2024-03-31,0.42,27.67,18.91
2024-04-01,1.09,29.21,17.61
2024-04-02,5.11,28.41,18.65
2024-04-03,0.3,28.62,18.8
2024-04-04,0.38,29.06,18.66
2024-04-05,2.62,29.17,18.53
2024-04-06,1.0,29.13,18.59
2024-04-07,0.19,28.41,16.69
2024-04-08,0.0,28.68,16.72
2024-04-09,0.04,29.34,17.24
2024-04-10,0.11,30.25,16.69
2024-04-11,5.65,29.88,19.98
2024-04-12,2.4,28.65,19.74
2024-04-13,0.09,29.0,17.86
2024-04-14,0.0,28.34,17.85
2024-04-15,0.0,29.99,18.07
2024-04-16,0.0,30.82,18.62
2024-04-17,0.0,31.63,18.06
2024-04-18,6.23,30.44,18.89
2024-04-19,0.83,30.43,18.63
2024-04-20,0.06,30.06,17.35
2024-04-21,0.01,29.75,14.75
2024-04-22,0.0,29.9,14.47
2024-04-23,0.0,30.8,15.56
2024-04-24,0.0,31.15,17.47
2024-04-25,0.0,31.91,17.54
2024-04-26,0.0,31.5,17.48
2024-04-27,0.01,31.51,16.84
2024-04-28,0.0,31.88,16.68
2024-04-29,0.0,31.97,16.81
2024-04-30,0.0,32.38,16.44
2024-05-01,0.0,32.57,16.7
2024-05-02,0.01,33.01,16.73
2024-05-03,0.05,32.81,17.96
2024-05-04,0.0,32.55,15.56
2024-05-05,0.0,31.59,15.93
2024-05-06,0.0,31.56,16.31
2024-05-07,0.04,30.89,17.14
2024-05-08,0.0,31.1,15.37
2024-05-09,0.0,31.07,14.89
2024-05-10,0.02,31.21,15.47
2024-05-11,0.27,31.52,16.86
2024-05-12,0.0,32.27,16.06
2024-05-13,0.01,32.37,17.05
2024-05-14,0.0,32.3,14.78
2024-05-15,0.0,31.57,15.43
2024-05-16,0.0,32.03,16.64
2024-05-17,0.0,30.84,15.29
2024-05-18,0.0,31.12,15.92
2024-05-19,0.0,31.66,17.02
2024-05-20,0.0,31.87,16.08
2024-05-21,0.0,30.75,16.08
2024-05-22,0.01,29.86,15.47
2024-05-23,0.07,30.12,15.03
2024-05-24,0.05,31.22,15.32
2024-05-25,0.42,31.33,16.5
2024-05-26,0.8,30.61,17.15
2024-05-27,0.41,29.87,16.05
2024-05-28,0.07,30.25,15.24
2024-05-29,0.0,29.31,12.89
2024-05-30,0.0,29.0,11.75
2024-05-31,0.0,28.37,11.09
2024-06-01,0.0,27.23,12.58
2024-06-02,0.23,26.66,14.0
2024-06-03,0.05,27.37,13.94
2024-06-04,0.0,28.59,13.28
2024-06-05,0.0,27.99,13.77
2024-06-06,0.0,27.91,12.95
2024-06-07,0.0,28.65,13.51
2024-06-08,0.0,28.98,13.69
2024-06-09,0.0,28.92,13.52
2024-06-10,0.01,28.94,12.25
2024-06-11,0.0,29.64,13.15
2024-06-12,0.2,28.81,12.59
2024-06-13,0.01,28.29,11.47
2024-06-14,0.0,27.98,12.63
2024-06-15,0.0,29.04,12.7
2024-06-16,0.0,28.21,12.24
2024-06-17,0.0,27.7,12.24
2024-06-18,0.0,28.11,12.03
2024-06-19,0.01,28.84,12.51
2024-06-20,0.0,28.33,13.24
2024-06-21,0.0,27.89,12.22
2024-06-22,0.0,27.54,13.16
2024-06-23,0.0,28.23,13.2
2024-06-24,0.0,29.21,14.8
2024-06-25,0.0,30.13,15.13
2024-06-26,0.0,29.72,14.41
2024-06-27,0.0,29.84,15.42
2024-06-28,0.0,30.36,15.85
2024-06-29,0.0,29.66,13.89
2024-06-30,0.0,29.84,14.58
2024-07-01,0.0,28.83,16.05
2024-07-02,0.0,28.25,14.2
2024-07-03,0.0,28.34,13.44
2024-07-04,0.0,28.5,12.56
2024-07-05,0.0,28.42,12.12
2024-07-06,0.0,28.85,12.95
2024-07-07,0.0,29.51,13.15
2024-07-08,0.0,30.53,15.51
2024-07-09,0.0,30.9,14.97
2024-07-10,0.0,31.27,15.77
2024-07-11,0.0,31.75,15.78
2024-07-12,0.01,30.44,14.64
2024-07-13,0.0,28.29,14.12
2024-07-14,0.0,27.51,12.58
2024-07-15,0.0,27.87,11.98
2024-07-16,0.0,28.29,12.72
2024-07-17,0.0,28.62,12.65
2024-07-18,0.0,28.92,13.29
2024-07-19,0.0,29.47,13.06
2024-07-20,0.0,29.04,12.55
2024-07-21,0.0,28.07,12.53
2024-07-22,0.0,28.92,11.79
2024-07-23,0.0,29.22,11.95
2024-07-24,0.0,28.69,12.04
2024-07-25,0.0,28.09,11.53
2024-07-26,0.0,28.39,11.82
2024-07-27,0.2,29.55,12.46
2024-07-28,0.0,30.26,14.84
2024-07-29,0.0,30.15,15.12
2024-07-30,0.0,31.25,15.98
2024-07-31,0.03,28.51,15.67
2024-08-01,0.0,27.49,14.32
2024-08-02,0.0,26.85,13.94
2024-08-03,0.06,28.0,13.82
2024-08-04,0.13,27.56,15.08
2024-08-05,0.0,28.49,14.44
2024-08-06,0.0,29.05,15.99
2024-08-07,0.0,28.18,12.59
2024-08-08,0.0,30.66,14.87
2024-08-09,0.0,31.37,16.23
2024-08-10,0.06,22.43,10.78
2024-08-11,0.0,28.29,6.43
2024-08-12,0.0,28.11,7.55
2024-08-13,0.01,29.98,8.75
2024-08-14,0.0,30.21,11.97
2024-08-15,0.0,31.48,15.64
2024-08-16,0.0,33.02,16.02
2024-08-17,0.0,33.67,16.68
2024-08-18,0.0,32.96,15.24
2024-08-19,0.0,32.19,14.79
2024-08-20,0.0,32.92,16.09
2024-08-21,0.0,32.76,14.2
2024-08-22,0.0,32.07,14.42
2024-08-23,0.0,33.23,15.63
2024-08-24,0.0,33.66,16.19
2024-08-25,0.0,32.49,15.32
2024-08-26,0.0,29.78,12.91
2024-08-27,0.0,31.87,13.34
2024-08-28,0.0,31.51,14.87
2024-08-29,0.0,31.01,14.88
2024-08-30,0.21,32.21,13.62
2024-08-31,0.0,33.37,13.27
2024-09-01,0.0,33.87,13.85
2024-09-02,0.0,35.46,17.59
2024-09-03,0.0,35.98,17.94
2024-09-04,0.0,36.01,16.76
2024-09-05,0.0,35.67,17.32
2024-09-06,0.03,35.35,19.95
2024-09-07,0.0,34.35,19.37
2024-09-08,0.0,32.78,17.65
2024-09-09,0.0,33.26,16.68
2024-09-10,0.0,33.14,15.5
2024-09-11,0.0,33.05,15.47
2024-09-12,0.0,33.28,15.48
2024-09-13,0.0,33.43,16.86
2024-09-14,0.0,33.51,16.67
2024-09-15,0.0,34.24,16.75
2024-09-16,0.0,34.3,17.7
2024-09-17,0.0,34.95,17.44
2024-09-18,3.02,33.85,19.3
2024-09-19,0.04,33.46,18.94
2024-09-20,0.0,33.9,18.99
2024-09-21,0.21,34.66,19.66
2024-09-22,0.02,34.71,19.1
2024-09-23,0.0,35.76,22.07
2024-09-24,0.0,35.57,21.44
2024-09-25,0.0,34.87,19.89
2024-09-26,0.0,35.26,19.37
2024-09-27,0.0,37.08,19.67
2024-09-28,0.49,34.98,21.54
2024-09-29,0.04,35.4,20.24
2024-09-30,0.0,34.12,19.64
2024-10-01,0.0,34.28,19.82
2024-10-02,0.0,36.91,19.39
2024-10-03,0.0,38.29,19.55
2024-10-04,0.02,37.9,22.47
2024-10-05,0.0,37.46,22.92
2024-10-06,0.0,37.37,20.69
2024-10-07,0.0,38.97,21.31
2024-10-08,1.04,39.23,20.59
2024-10-09,0.47,37.68,21.45
2024-10-10,2.42,34.33,22.55
2024-10-11,7.15,34.94,20.76
2024-10-12,1.57,33.36,20.29
2024-10-13,0.06,34.07,19.74
2024-10-14,2.28,31.8,21.29
2024-10-15,0.22,28.59,20.52
2024-10-16,0.81,32.41,19.43
2024-10-17,7.32,33.5,19.05
2024-10-18,2.24,32.64,20.12
2024-10-19,7.4,29.8,20.1
2024-10-20,35.81,26.96,20.14
2024-10-21,6.99,24.83,20.01
2024-10-22,0.78,27.25,19.72
2024-10-23,0.24,26.78,18.7
2024-10-24,6.3,29.41,19.43
2024-10-25,3.57,30.86,20.0
2024-10-26,3.78,28.03,20.25
2024-10-27,21.6,27.79,20.05
2024-10-28,10.03,27.47,19.33
2024-10-29,2.99,25.2,19.93
2024-10-30,0.02,29.25,18.58
2024-10-31,0.0,28.35,17.96
2024-11-01,1.18,28.03,17.64
2024-11-02,7.96,26.91,18.75
2024-11-03,6.46,25.68,19.08
2024-11-04,14.85,26.19,18.5
2024-11-05,18.04,22.68,18.8
2024-11-06,2.57,26.28,17.5
2024-11-07,16.24,24.81,18.49
2024-11-08,15.76,27.31,19.2
2024-11-09,8.03,25.04,18.98
2024-11-10,0.41,29.47,17.76
2024-11-11,0.59,30.04,17.86
2024-11-12,14.83,29.59,19.58
2024-11-13,32.62,23.97,18.72
2024-11-14,1.12,27.4,18.05
2024-11-15,16.49,24.77,19.34
2024-11-16,17.36,25.58,18.51
2024-11-17,13.6,27.12,17.31
2024-11-18,3.59,28.86,17.94
2024-11-19,2.09,29.2,19.11
2024-11-20,2.95,29.43,19.75
2024-11-21,3.26,28.72,20.07
2024-11-22,9.53,27.23,20.62
2024-11-23,30.57,27.67,18.62
2024-11-24,1.7,27.22,17.25
2024-11-25,0.0,27.29,15.86
2024-11-26,0.15,28.7,14.95
2024-11-27,0.01,29.53,15.42
2024-11-28,1.02,29.78,19.06
2024-11-29,3.66,27.16,21.02
2024-11-30,1.33,30.44,19.76
2024-12-01,4.13,27.84,20.43
2024-12-02,1.85,27.73,20.61
2024-12-03,8.6,26.91,19.77
2024-12-04,8.25,28.18,19.47
2024-12-05,5.08,26.34,20.15
2024-12-06,0.07,30.47,18.76
2024-12-07,0.01,30.38,18.04
2024-12-08,0.0,31.34,18.6
2024-12-09,0.53,32.04,20.09
2024-12-10,1.66,30.01,20.6
2024-12-11,14.69,28.9,19.24
2024-12-12,3.22,27.63,18.76
2024-12-13,9.01,25.86,19.21
2024-12-14,6.9,26.04,19.35
2024-12-15,10.37,25.68,18.89
2024-12-16,5.33,28.9,18.64
2024-12-17,3.24,28.24,18.68
2024-12-18,0.75,29.26,19.13
2024-12-19,0.77,29.8,18.87
2024-12-20,5.1,28.84,19.65
2024-12-21,16.05,26.2,19.63
2024-12-22,8.22,26.05,19.26
2024-12-23,4.72,28.14,18.35
2024-12-24,1.25,29.14,19.42
2024-12-25,1.46,27.32,20.3
2024-12-26,29.61,26.22,20.34
2024-12-27,14.46,26.55,19.56
2024-12-28,11.99,26.97,19.38
2024-12-29,16.9,25.9,18.97
2024-12-30,7.84,27.12,19.56
2024-12-31,6.97,26.37,18.86
2025-01-01,3.91,27.49,17.67
2025-01-02,6.48,27.7,18.39
2025-01-03,5.07,27.93,19.02
2025-01-04,11.86,26.46,18.84
2025-01-05,2.55,28.32,19.77
2025-01-06,14.4,27.89,18.98
2025-01-07,6.76,26.48,19.11
2025-01-08,1.82,27.36,18.95
2025-01-09,1.29,28.46,18.05
2025-01-10,1.08,28.83,19.34
2025-01-11,0.77,29.08,16.96
2025-01-12,3.27,28.84,18.52
2025-01-13,3.15,28.74,19.11
2025-01-14,15.17,28.71,19.69
2025-01-15,18.85,28.2,19.12
2025-01-16,6.17,24.67,20.13
2025-01-17,3.2,26.88,19.33
2025-01-18,0.74,29.26,19.93
2025-01-19,2.42,29.06,19.42
2025-01-20,1.0,28.59,18.35
2025-01-21,0.26,29.38,18.27
2025-01-22,0.88,29.68,20.44
2025-01-23,3.04,29.59,20.15
2025-01-24,0.99,28.27,18.93
2025-01-25,0.2,29.74,19.72
2025-01-26,4.06,28.69,20.27
2025-01-27,5.67,28.36,19.05
2025-01-28,0.91,29.77,18.93
2025-01-29,2.71,28.76,20.44
2025-01-30,6.77,26.26,19.89
2025-01-31,3.09,27.24,19.6
2025-02-01,7.84,27.52,19.18
2025-02-02,10.49,26.78,19.56
2025-02-03,7.06,27.23,18.77
2025-02-04,1.15,27.56,18.23
2025-02-05,0.51,29.25,17.39
2025-02-06,0.14,29.09,17.11
2025-02-07,0.0,29.17,16.21
2025-02-08,0.07,26.91,17.04
2025-02-09,0.06,26.55,17.32
2025-02-10,0.06,26.37,17.64
2025-02-11,0.15,28.7,17.92
2025-02-12,0.89,28.27,17.22
2025-02-13,0.37,29.19,17.82
2025-02-14,1.0,30.04,18.47
2025-02-15,0.17,31.15,18.19
2025-02-16,0.01,31.81,17.94
2025-02-17,0.0,32.01,18.03
2025-02-18,0.04,33.35,19.29
2025-02-19,0.08,33.48,18.57
2025-02-20,0.0,33.71,17.35
2025-02-21,0.44,33.61,18.54
2025-02-22,0.35,32.61,17.96
2025-02-23,0.0,31.68,17.19
2025-02-24,2.81,30.54,18.06
2025-02-25,0.27,31.51,18.38
2025-02-26,0.0,32.5,17.6
2025-02-27,0.0,32.47,16.93
2025-02-28,0.0,30.5,17.22
2025-03-01,0.0,30.54,17.9
2025-03-02,0.0,31.38,18.56
2025-03-03,0.0,32.03,18.09
2025-03-04,0.0,31.37,17.28
2025-03-05,0.0,30.0,19.55
2025-03-06,0.0,31.64,16.81
2025-03-07,0.0,31.75,15.92
2025-03-08,0.0,32.51,16.25
2025-03-09,0.0,33.72,16.06
2025-03-10,1.24,33.44,20.3
2025-03-11,0.06,34.99,19.51
2025-03-12,2.2,34.96,19.23
2025-03-13,7.37,33.15,20.04
2025-03-14,5.77,33.14,18.91
2025-03-15,4.61,33.8,19.73
2025-03-16,10.73,31.81,20.88
2025-03-17,11.23,30.34,20.51
2025-03-18,17.01,28.96,19.96
2025-03-19,11.21,28.13,18.79
2025-03-20,1.91,28.9,17.7
2025-03-21,2.0,28.54,18.39
2025-03-22,0.41,28.04,17.96
2025-03-23,2.17,28.38,18.77
2025-03-24,2.85,27.25,19.18
2025-03-25,1.5,29.71,19.8
2025-03-26,6.22,29.75,19.79
2025-03-27,4.74,29.1,18.38
2025-03-28,0.15,29.65,18.08
2025-03-29,0.36,30.12,17.39
2025-03-30,0.67,30.82,19.15
2025-03-31,0.88,30.29,19.39
2025-04-01,1.83,31.1,18.38
2025-04-02,21.43,28.91,19.16
2025-04-03,2.57,28.98,18.29
2025-04-04,0.04,29.42,18.55
2025-04-05,0.29,28.37,19.12
2025-04-06,0.02,28.04,16.34
2025-04-07,0.0,26.77,16.25
2025-04-08,0.0,28.36,15.05
2025-04-09,3.96,29.62,17.1
2025-04-10,4.75,28.9,19.01
2025-04-11,0.0,30.75,17.03
2025-04-12,0.0,30.26,16.91
2025-04-13,1.34,29.4,17.15
2025-04-14,0.47,29.73,19.66
2025-04-15,0.71,30.75,18.19
2025-04-16,9.75,28.92,18.38
2025-04-17,0.31,29.45,18.96
2025-04-18,2.46,29.96,18.13
2025-04-19,1.75,29.86,19.45
2025-04-20,0.02,30.72,17.49
2025-04-21,0.0,30.83,16.82
2025-04-22,0.16,30.52,17.36
2025-04-23,6.22,28.2,18.27
2025-04-24,4.97,28.69,17.69
2025-04-25,4.25,27.74,18.97
2025-04-26,3.4,27.88,18.59
2025-04-27,1.14,30.31,17.72
2025-04-28,4.03,29.06,18.83
2025-04-29,0.9,28.64,17.92
2025-04-30,0.04,29.45,16.03
2025-05-01,0.0,28.96,16.33
2025-05-02,0.0,28.25,14.53
2025-05-03,0.0,28.07,14.01
2025-05-04,0.0,27.33,13.54
2025-05-05,0.01,27.1,13.13
2025-05-06,0.01,28.91,13.79
2025-05-07,0.01,29.41,15.45
2025-05-08,0.0,29.5,15.41
2025-05-09,0.04,30.06,14.6
2025-05-10,0.01,31.08,16.82
2025-05-11,0.07,31.62,17.16
2025-05-12,0.0,28.75,17.43
2025-05-13,0.0,27.59,15.18
2025-05-14,0.0,26.54,14.94
2025-05-15,0.0,26.78,13.74
2025-05-16,0.0,27.35,13.16
2025-05-17,0.0,27.71,13.38
2025-05-18,0.0,27.79,13.78
2025-05-19,0.0,27.95,12.42
2025-05-20,0.0,27.9,12.16
2025-05-21,0.01,28.42,11.99
2025-05-22,0.04,28.45,12.05
2025-05-23,0.04,29.12,13.5
2025-05-24,0.0,28.57,13.17
2025-05-25,0.02,28.09,13.45
2025-05-26,0.01,28.01,13.15
2025-05-27,0.0,28.11,13.75
2025-05-28,0.0,29.12,15.03
2025-05-29,0.09,27.2,14.63
2025-05-30,0.03,26.53,13.18
2025-05-31,0.0,29.76,13.3
2025-06-01,0.44,29.48,13.94
2025-06-02,0.07,27.89,14.78
2025-06-03,1.88,27.59,16.72
2025-06-04,0.15,29.57,15.07
2025-06-05,0.02,29.85,15.13
2025-06-06,0.0,30.32,15.52
2025-06-07,0.01,30.07,15.07
2025-06-08,0.32,29.86,13.33
2025-06-09,0.39,28.04,14.72
2025-06-10,0.6,27.2,14.44
2025-06-11,0.0,27.13,12.2
2025-06-12,0.0,25.16,9.1
2025-06-13,0.0,24.73,9.52
2025-06-14,0.0,23.86,11.07
2025-06-15,0.0,24.5,9.94
2025-06-16,0.0,26.92,11.01
2025-06-17,0.0,25.66,10.79
2025-06-18,0.22,25.46,12.12
2025-06-19,0.01,26.93,11.41
2025-06-20,0.0,27.01,12.22
2025-06-21,0.01,27.41,13.0
2025-06-22,0.0,28.84,13.11
2025-06-23,0.2,29.81,13.79
2025-06-24,3.71,20.37,8.63
2025-06-25,0.0,27.57,7.43
2025-06-26,0.05,27.46,13.82
2025-06-27,0.0,28.73,12.71
2025-06-28,0.05,28.09,13.49
2025-06-29,0.0,27.68,12.31
2025-06-30,0.0,28.52,14.35
2025-07-01,0.0,28.87,12.67
2025-07-02,0.0,27.29,11.56
2025-07-03,0.0,25.95,12.68
2025-07-04,0.0,25.43,11.72
2025-07-05,0.0,25.76,11.15
2025-07-06,0.0,27.03,10.62
2025-07-07,0.0,27.03,10.55
2025-07-08,0.0,26.87,10.58
2025-07-09,0.0,26.29,10.99
2025-07-10,0.0,25.6,10.9
2025-07-11,0.0,24.65,13.27
2025-07-12,0.0,25.0,13.26
2025-07-13,0.0,24.22,12.59
2025-07-14,0.0,25.38,10.78
2025-07-15,0.0,26.75,11.11
2025-07-16,0.0,27.04,10.76
2025-07-17,0.0,27.51,11.05
2025-07-18,0.0,27.77,12.99
2025-07-19,0.0,29.05,12.14
2025-07-20,0.0,28.75,13.52
2025-07-21,0.0,28.54,13.73
2025-07-22,0.0,29.95,14.12
2025-07-23,0.0,30.17,13.9
2025-07-24,0.0,30.55,13.77
2025-07-25,0.0,30.12,14.46
2025-07-26,0.0,29.94,14.13
2025-07-27,0.0,29.72,14.2
2025-07-28,0.2,29.99,15.93
2025-07-29,0.4,27.29,12.11
2025-07-30,0.0,28.27,7.6
2025-07-31,0.0,28.77,9.3
2025-08-01,0.0,28.76,11.96
2025-08-02,0.0,27.89,11.42
2025-08-03,0.0,26.71,12.76
2025-08-04,0.01,27.7,10.83
2025-08-05,1.37,26.07,14.3
2025-08-06,0.39,27.29,12.18
2025-08-07,0.01,29.69,12.94
2025-08-08,0.0,30.09,17.44
2025-08-09,0.0,26.39,13.05
2025-08-10,0.0,25.83,9.05
2025-08-11,0.0,26.13,7.62
2025-08-12,0.0,27.63,7.48
2025-08-13,0.0,29.85,9.63
2025-08-14,0.0,31.43,12.77
2025-08-15,0.0,30.3,13.24
2025-08-16,0.0,30.05,14.56
2025-08-17,0.0,30.43,13.93
2025-08-18,0.0,31.57,15.91
2025-08-19,0.0,30.23,15.45
2025-08-20,0.0,30.65,14.92
2025-08-21,0.0,32.75,16.13
2025-08-22,0.0,31.7,15.48
2025-08-23,0.0,31.3,14.98
2025-08-24,0.0,32.09,15.79
2025-08-25,0.0,32.04,15.36
2025-08-26,0.0,31.82,15.48
2025-08-27,0.0,31.65,14.79
2025-08-28,0.17,31.56,17.39
2025-08-29,1.43,28.59,17.62
2025-08-30,0.03,29.61,14.94
2025-08-31,0.0,28.87,14.37
2025-09-01,0.0,28.91,15.69
2025-09-02,0.0,28.97,15.73
2025-09-03,0.0,28.14,15.0
2025-09-04,0.0,28.8,13.38
2025-09-05,0.0,30.4,14.81
2025-09-06,0.0,33.02,15.28
2025-09-07,0.0,32.66,17.22
2025-09-08,0.0,32.23,16.96
2025-09-09,0.0,33.57,16.69
2025-09-10,0.0,34.37,16.07
2025-09-11,0.0,35.4,13.42
2025-09-12,0.0,35.0,15.24
2025-09-13,0.06,33.8,17.14
2025-09-14,0.02,32.87,17.65
2025-09-15,0.21,32.04,20.59
2025-09-16,0.09,33.51,19.62
2025-09-17,0.44,33.66,21.17
2025-09-18,0.0,34.42,18.16
2025-09-19,3.38,33.04,20.44
2025-09-20,1.16,31.86,18.26
2025-09-21,0.01,34.54,20.65
2025-09-22,1.73,31.83,22.44
2025-09-23,3.85,32.7,17.74
2025-09-24,5.73,30.33,20.25
2025-09-25,1.14,29.79,17.2
2025-09-26,0.0,28.07,13.42
2025-09-27,0.0,29.79,12.93
2025-09-28,0.0,32.03,13.97
2025-09-29,0.0,33.76,15.25
2025-09-30,0.0,34.47,18.03
2025-10-01,0.04,34.72,18.05
2025-10-02,0.0,33.98,17.19
2025-10-03,0.0,32.89,16.99
2025-10-04,0.0,32.42,16.04
2025-10-05,0.0,32.05,18.22
2025-10-06,0.0,35.35,17.85
2025-10-07,0.44,37.25,20.27
2025-10-08,1.49,35.82,22.54
2025-10-09,2.81,31.0,20.37
2025-10-10,5.94,31.59,19.38
2025-10-11,2.07,29.8,18.12
2025-10-12,1.19,33.23,19.24
2025-10-13,4.72,33.03,20.6
2025-10-14,0.34,32.33,20.06
2025-10-15,0.0,34.28,19.32
2025-10-16,0.93,33.74,20.77
2025-10-17,1.05,34.48,20.92
2025-10-18,14.87,29.91,20.72
2025-10-19,0.35,28.84,19.21
2025-10-20,0.0,28.12,13.92
2025-10-21,0.0,27.29,13.25
2025-10-22,0.0,27.6,13.34
2025-10-23,0.0,27.89,12.64
2025-10-24,0.0,28.37,13.76
2025-10-25,0.0,30.47,15.57
2025-10-26,0.0,33.54,16.93
2025-10-27,0.18,32.96,19.67
2025-10-28,0.11,33.53,20.87
2025-10-29,0.41,32.91,21.71
2025-10-30,2.41,30.39,19.59
2025-10-31,1.01,32.74,18.19
2025-11-01,1.75,33.97,19.17
2025-11-02,7.29,30.98,21.14
2025-11-03,9.16,30.15,19.94
2025-11-04,0.8,31.49,19.58
2025-11-05,2.7,34.7,19.8
2025-11-06,0.0,34.74,18.13
2025-11-07,1.04,34.89,18.38
2025-11-08,10.95,32.7,20.79
2025-11-09,5.71,30.99,20.41
2025-11-10,0.03,32.36,17.17
2025-11-11,0.0,32.86,17.65
2025-11-12,0.0,33.25,16.99
2025-11-13,0.0,33.14,17.18
2025-11-14,0.0,34.79,18.86
2025-11-15,0.25,34.89,19.41
2025-11-16,6.82,32.02,20.3
2025-11-17,9.6,27.96,19.74
2025-11-18,1.25,32.11,17.82
2025-11-19,0.04,31.07,15.58
2025-11-20,0.0,32.04,14.8
2025-11-21,0.05,33.28,16.5
2025-11-22,1.05,32.16,18.38
2025-11-23,4.52,27.72,19.35
2025-11-24,1.03,31.0,18.57
2025-11-25,0.51,32.62,17.65
2025-11-26,0.0,33.76,15.45
2025-11-27,0.0,34.86,15.33
2025-11-28,3.54,32.03,18.31
2025-11-29,0.1,35.49,17.98
2025-11-30,0.0,36.65,18.33
2025-12-01,0.8,35.58,21.73
2025-12-02,26.11,31.45,20.8
2025-12-03,38.81,28.46,19.54
2025-12-04,2.85,27.99,19.31
2025-12-05,17.04,29.1,19.03
2025-12-06,8.5,28.61,19.18
2025-12-07,0.0,28.96,18.81
2025-12-08,15.0,24.11,19.44
2025-12-09,14.38,25.37,18.81
2025-12-10,3.37,27.74,19.01
2025-12-11,0.61,29.48,19.91
2025-12-12,7.96,28.15,19.85
2025-12-13,6.88,26.88,20.23
2025-12-14,7.96,27.08,20.26
2025-12-15,36.81,25.34,19.14
2025-12-16,2.41,26.66,19.61
2025-12-17,1.37,26.44,19.54
2025-12-18,11.0,25.7,19.66
2025-12-19,3.19,28.01,19.33
2025-12-20,2.15,28.38,18.14
2025-12-21,0.21,28.81,16.93
2025-12-22,0.1,28.28,17.11
2025-12-23,0.01,29.1,16.45
2025-12-24,0.0,31.16,17.36
2025-12-25,0.0,32.42,19.14
2025-12-26,0.86,34.09,20.73
2025-12-27,0.5,32.87,20.41
2025-12-28,13.28,31.79,20.51
2025-12-29,1.89,33.11,20.11
2025-12-30,1.97,33.72,19.95
2025-12-31,2.37,31.48,20.04
2026-01-01,4.03,33.06,19.63
2026-01-02,7.84,31.15,19.74
2026-01-03,9.01,28.26,20.11
2026-01-04,1.53,29.64,19.89
2026-01-05,28.53,27.62,18.58
2026-01-06,7.96,23.28,18.19
2026-01-07,4.52,25.24,17.74
2026-01-08,1.08,25.75,17.46
2026-01-09,0.02,28.02,18.85
2026-01-10,0.0,29.46,18.3
2026-01-11,0.01,29.77,16.19
2026-01-12,5.98,29.4,18.99
2026-01-13,3.92,28.21,19.38
2026-01-14,8.76,27.23,18.34
2026-01-15,2.32,27.19,18.34
2026-01-16,0.88,29.75,16.31
2026-01-17,5.38,29.69,17.6
2026-01-18,6.31,28.17,18.65
2026-01-19,4.17,27.64,17.95
2026-01-20,8.91,28.89,18.33
2026-01-21,8.89,24.92,17.56
2026-01-22,31.03,26.0,17.94
2026-01-23,11.23,27.14,16.95
2026-01-24,6.16,27.78,19.18
2026-01-25,5.43,27.01,18.67
2026-01-26,0.87,27.58,17.81
2026-01-27,3.97,27.05,18.26
2026-01-28,8.91,28.01,18.55
2026-01-29,13.87,27.52,18.88
2026-01-30,8.72,23.93,18.75
2026-01-31,3.07,27.79,18.82
2026-02-01,8.42,25.12,19.78
2026-02-02,6.89,24.76,19.64
2026-02-03,9.56,25.3,19.37
2026-02-04,12.17,26.45,19.35
2026-02-05,13.8,26.18,18.51
2026-02-06,1.28,27.71,19.17
2026-02-07,6.9,27.06,18.98
2026-02-08,3.14,25.99,19.65
2026-02-09,33.37,23.24,18.34
2026-02-10,6.15,25.04,18.57
2026-02-11,19.71,24.68,18.63
2026-02-12,2.75,26.9,17.63
2026-02-13,0.3,28.1,18.17
2026-02-14,0.03,28.43,16.75
2026-02-15,0.0,28.71,17.22
2026-02-16,0.0,28.09,17.88
2026-02-17,0.06,29.27,16.7
2026-02-18,2.89,28.77,18.56
2026-02-19,0.95,27.52,19.01
2026-02-20,8.24,28.26,18.43
2026-02-21,7.87,27.05,19.09
2026-02-22,4.12,28.05,18.49
2026-02-23,6.35,25.15,20.03
2026-02-24,8.45,26.51,19.91
2026-02-25,8.8,26.99,19.18
2026-02-26,11.09,26.34,19.64
2026-02-27,4.58,28.49,18.18
2026-02-28,0.53,25.68,18.28
2026-03-01,0.01,27.96,18.48
2026-03-02,0.51,28.19,18.15
2026-03-03,3.11,28.32,18.79
2026-03-04,2.46,28.43,18.09
2026-03-05,4.35,28.34,19.3
2026-03-06,1.12,28.65,18.24
2026-03-07,26.75,22.47,18.07
2026-03-08,1.17,28.26,16.3
2026-03-09,22.95,27.46,18.88
2026-03-10,1.87,25.92,19.09
2026-03-11,4.73,27.0,18.54
2026-03-12,7.43,24.23,19.35
2026-03-13,8.62,25.2,19.09
2026-03-14,3.21,26.45,19.17
2026-03-15,3.46,27.85,17.8
2026-03-16,1.29,28.21,19.16
2026-03-17,9.94,25.31,19.51
2026-03-18,2.54,27.15,19.41
2026-03-19,21.63,26.69,19.2
2026-03-20,16.26,27.38,19.11
2026-03-21,1.13,28.17,18.17
2026-03-22,0.02,28.51,16.64
2026-03-23,0.46,28.58,15.37
2026-03-24,2.17,26.84,19.06
2026-03-25,8.97,25.24,17.94
2026-03-26,1.54,25.28,17.14
2026-03-27,0.23,26.76,16.2
2026-03-28,0.02,26.58,15.16
2026-03-29,0.06,26.57,17.27
2026-03-30,0.13,26.77,15.33
2026-03-31,3.47,26.47,16.36
2026-04-01,1.27,27.13,16.06
2026-04-02,3.55,27.24,17.77
2026-04-03,2.45,26.71,17.21
2026-04-04,4.94,27.28,17.69
2026-04-05,3.75,27.65,18.21
2026-04-06,0.78,27.6,17.95
2026-04-07,4.26,26.76,18.22
2026-04-08,13.79,27.2,18.52
2026-04-09,0.88,28.04,18.23
2026-04-10,0.0,28.62,17.24
2026-04-11,0.01,27.35,17.53
2026-04-12,0.0,26.32,17.06
2026-04-13,0.01,26.22,15.93
2026-04-14,0.02,26.12,14.68
2026-04-15,0.01,25.74,14.66
2026-04-16,0.02,26.15,14.01
2026-04-17,0.0,27.57,14.76
2026-04-18,0.0,28.26,16.57
2026-04-19,0.79,29.11,18.0
2026-04-20,0.55,29.05,15.57
2026-04-21,0.29,28.37,14.8
2026-04-22,0.7,28.05,16.21
2026-04-23,0.06,27.11,15.85
2026-04-24,0.06,26.74,14.74
2026-04-25,0.0,28.72,14.46
2026-04-26,0.0,29.38,15.84
2026-04-27,0.0,30.45,17.28
2026-04-28,0.0,29.91,16.53
2026-04-29,0.0,28.79,16.21
2026-04-30,0.01,28.44,13.84
2026-05-01,0.0,28.2,15.06
2026-05-02,0.0,29.07,13.69
2026-05-03,0.01,29.39,14.71
2026-05-04,0.05,27.48,16.45
2026-05-05,0.01,27.89,14.95
2026-05-06,0.0,28.49,14.48
2026-05-07,0.0,28.34,14.89
2026-05-08,0.0,29.0,15.33
2026-05-09,0.0,29.54,14.63
2026-05-10,0.0,29.0,15.17
2026-05-11,0.0,23.57,13.9
2026-05-12,0.1,28.93,12.33
2026-05-13,0.35,28.28,14.13
2026-05-14,0.11,29.12,16.47
2026-05-15,0.34,29.97,16.62
2026-05-16,0.2,29.73,15.82
2026-05-17,0.11,27.88,17.05
2026-05-18,4.85,28.25,17.6
2026-05-19,0.63,27.49,16.62
2026-05-20,0.56,26.72,17.35
2026-05-21,0.0,28.83,15.47
2026-05-22,0.02,26.32,16.24
2026-05-23,0.0,25.08,16.14
2026-05-24,0.01,27.54,15.28
2026-05-25,0.0,27.59,16.51
2026-05-26,0.06,26.4,16.1
2026-05-27,0.22,28.37,15.19
2026-05-28,0.14,29.25,14.43
2026-05-29,0.05,28.28,14.87
2026-05-30,0.0,27.05,16.95
2026-05-31,0.04,27.83,15.57
2026-06-01,0.26,27.25,13.98
2026-06-02,0.0,27.9,10.78
2026-06-03,0.16,25.7,11.16
2026-06-04,1.49,25.57,13.12
2026-06-05,0.07,24.06,12.14
2026-06-06,0.0,24.4,8.66
2026-06-07,0.21,25.12,10.31
2026-06-08,0.0,26.6,10.1
2026-06-09,0.36,27.13,13.07
2026-06-10,0.11,27.92,13.53
2026-06-11,1.24,26.45,16.2
2026-06-12,13.52,24.53,14.63
2026-06-13,8.3,26.15,14.22
2026-06-14,4.16,26.27,16.34
2026-06-15,0.28,27.52,15.31
2026-06-16,0.11,25.82,15.21
2026-06-17,0.0,26.09,11.32
2026-06-18,0.01,25.48,8.88
2026-06-19,0.02,25.25,10.95
2026-06-20,0.04,26.65,11.41
2026-06-21,0.03,26.46,15.29
2026-06-22,0.0,26.01,13.14
2026-06-23,1.33,27.2,13.86
2026-06-24,6.27,27.18,13.69
2026-06-25,3.8,25.46,12.3
2026-06-26,1.21,26.03,15.4
2026-06-27,0.01,26.57,13.25
2026-06-28,0.02,26.42,12.69
2026-06-29,0.0,26.68,11.64
2026-06-30,0.01,26.7,11.5
2026-07-01,0.03,27.11,12.32
2026-07-02,0.0,27.14,11.54
2026-07-03,0.0,27.57,11.99
2026-07-04,0.0,28.35,12.49
2026-07-05,0.0,28.48,14.12
2026-07-06,0.0,27.93,12.86
2026-07-07,0.0,27.28,11.78
2026-07-08,0.0,27.17,12.09
2026-07-09,0.02,26.79,12.96
2026-07-10,0.0,28.14,13.32
2026-07-11,0.0,28.97,14.78
2026-07-12,0.0,29.11,14.85
2026-07-13,0.48,26.88,12.33
2026-07-14,0.0,25.53,8.01
2026-07-15,0.0,26.24,8.99
2026-07-16,0.0,25.88,10.15
2026-07-17,0.0,24.75,8.92
2026-07-18,0.02,25.24,9.94
2026-07-19,0.0,26.57,10.96
2026-07-20,0.01,26.36,10.67
2026-07-21,0.03,27.18,11.26
2026-07-22,0.01,28.75,12.65
2026-07-23,0.0,29.76,16.02
2026-07-24,8.66,29.97,14.75
2026-07-25,1.07,28.41,14.06
2026-07-26,0.0,28.23,13.67
2026-07-27,0.0,29.02,12.48
2026-07-28,0.0,29.51,12.94
2026-07-29,0.0,30.64,14.2
2026-07-30,0.0,30.92,16.37
2026-07-31,0.01,28.08,14.54
2026-08-01,0.0,27.49,12.89
2026-08-02,0.0,27.76,11.56
2026-08-03,0.0,26.55,12.95
2026-08-04,0.0,26.79,13.66
2026-08-05,0.0,29.07,13.3
2026-08-06,0.0,30.19,14.85
2026-08-07,0.0,31.53,16.63
2026-08-08,0.01,32.63,15.45
2026-08-09,0.0,33.81,16.96
2026-08-10,0.0,34.6,18.58
2026-08-11,0.0,31.66,19.31
2026-08-12,0.0,31.47,17.46
2026-08-13,0.0,32.0,17.52
2026-08-14,0.0,33.09,16.04
2026-08-15,0.0,33.16,16.91
2026-08-16,0.0,32.02,17.62
2026-08-17,0.0,30.96,16.0
2026-08-18,0.0,31.06,14.58
2026-08-19,0.0,32.28,14.63
2026-08-20,0.0,33.08,15.21
2026-08-21,0.0,32.32,15.21
2026-08-22,0.0,32.07,15.16
2026-08-23,0.0,32.34,14.0
2026-08-24,0.02,31.89,15.11
2026-08-25,0.0,32.14,16.34
2026-08-26,13.78,30.83,18.35
2026-08-27,1.75,30.43,15.88
2026-08-28,0.11,32.59,16.21
2026-08-29,0.0,33.31,19.23
2026-08-30,0.12,34.61,20.9
2026-08-31,0.05,34.26,19.47
2026-09-01,2.01,33.46,20.67
2026-09-02,3.07,29.87,17.8
2026-09-03,0.0,30.71,14.73
2026-09-04,0.01,32.05,16.87
2026-09-05,0.29,33.1,17.87
2026-09-06,3.54,28.96,20.08
2026-09-07,1.56,24.88,17.5
2026-09-08,12.52,26.28,15.57
2026-09-09,6.23,27.57,18.22
2026-09-10,1.26,30.58,17.5
2026-09-11,0.27,31.54,18.14
2026-09-12,0.1,31.26,19.68
2026-09-13,1.84,31.9,18.17
2026-09-14,3.35,29.09,18.36
2026-09-15,4.44,28.88,16.74
2026-09-16,0.17,31.24,16.26
2026-09-17,1.09,31.08,17.44
2026-09-18,0.13,30.94,18.41
2026-09-19,0.2,30.37,17.51
2026-09-20,0.0,30.49,17.28
2026-09-21,0.02,30.85,18.21
2026-09-22,3.32,32.87,19.65
2026-09-23,3.01,31.03,18.37
2026-09-24,4.68,31.27,17.77
2026-09-25,2.09,32.03,17.96
2026-09-26,0.2,33.64,18.77
2026-09-27,1.53,34.67,20.93
2026-09-28,0.43,34.66,20.37
2026-09-29,0.36,34.58,20.44
2026-09-30,0.44,35.44,20.14
2026-10-01,3.72,35.55,20.46
2026-10-02,2.37,25.39,19.04
2026-10-03,,,17.84
2026-10-04,,,
2026-10-05,,,
2026-10-06,,,
