date,price
2009-01-02,611.0
2009-01-05,616.75
2009-01-06,643.5
2009-01-07,613.25
2009-01-08,612.5
2009-01-09,629.5
2009-01-12,569.75
2009-01-13,570.75
2009-01-14,574.25
2009-01-15,568.75
2009-01-16,578.25
2009-01-20,550.0
2009-01-21,571.75
2009-01-22,566.75
2009-01-23,582.75
2009-01-26,592.5
2009-01-27,584.75
2009-01-28,595.25
2009-01-29,578.0
2009-01-30,568.0
2009-02-02,563.75
2009-02-03,552.5
2009-02-04,542.25
2009-02-05,561.75
2009-02-06,557.0
2009-02-09,565.0
2009-02-10,556.0
2009-02-11,543.25
2009-02-12,538.75
2009-02-13,535.5
2009-02-17,515.5
2009-02-18,510.75
2009-02-19,519.5
2009-02-20,519.25
2009-02-23,510.5
2009-02-24,515.25
2009-02-25,524.75
2009-02-26,514.0
2009-02-27,510.5
2009-03-02,494.75
2009-03-03,490.25
2009-03-04,511.75
2009-03-05,504.0
2009-03-06,516.25
2009-03-09,513.0
2009-03-10,522.75
2009-03-11,498.75
2009-03-12,515.25
2009-03-13,506.5
2009-03-16,544.25
2009-03-17,552.5
2009-03-18,530.0
2009-03-19,555.25
2009-03-20,550.25
2009-03-23,549.25
2009-03-24,535.0
2009-03-25,508.0
2009-03-26,514.5
2009-03-27,507.25
2009-03-30,512.5
2009-03-31,532.75
2009-04-01,525.5
2009-04-02,550.5
2009-04-03,563.5
2009-04-06,557.0
2009-04-07,539.75
2009-04-08,532.0
2009-04-09,522.0
2009-04-13,523.25
2009-04-14,522.25
2009-04-15,515.25
2009-04-16,524.75
2009-04-17,523.0
2009-04-20,504.5
2009-04-21,509.5
2009-04-22,516.75
2009-04-23,529.25
2009-04-24,532.25
2009-04-27,508.0
2009-04-28,510.5
2009-04-29,520.75
2009-04-30,524.25
2009-05-01,557.25
2009-05-04,538.5
2009-05-05,541.5
2009-05-06,547.75
2009-05-07,559.0
2009-05-08,580.5
2009-05-11,580.5
2009-05-12,582.5
2009-05-13,578.75
2009-05-14,581.5
2009-05-15,577.5
2009-05-18,590.5
2009-05-19,588.75
2009-05-20,597.75
2009-05-21,593.5
2009-05-22,612.5
2009-05-26,612.0
2009-05-27,625.75
2009-05-28,630.5
2009-05-29,637.25
2009-06-01,674.5
2009-06-02,669.5
2009-06-03,617.5
2009-06-04,635.25
2009-06-05,623.0
2009-06-08,598.0
2009-06-09,613.75
2009-06-10,596.0
2009-06-11,594.75
2009-06-12,584.75
2009-06-15,575.25
2009-06-16,565.75
2009-06-17,566.0
2009-06-18,560.25
2009-06-19,555.25
2009-06-22,546.0
2009-06-23,546.75
2009-06-24,539.75
2009-06-25,533.0
2009-06-26,534.25
2009-06-29,528.5
2009-06-30,511.25
2009-07-01,506.25
2009-07-02,500.25
2009-07-06,490.5
2009-07-07,483.75
2009-07-08,488.5
2009-07-09,494.25
2009-07-10,491.75
2009-07-13,515.75
2009-07-14,501.75
2009-07-15,534.75
2009-07-16,533.25
2009-07-17,541.75
2009-07-20,542.25
2009-07-21,534.75
2009-07-22,522.0
2009-07-23,531.75
2009-07-24,516.25
2009-07-27,520.5
2009-07-28,516.25
2009-07-29,511.5
2009-07-30,516.25
2009-07-31,528.25
2009-08-03,549.25
2009-08-04,542.25
2009-08-05,528.75
2009-08-06,500.25
2009-08-07,489.5
2009-08-10,494.25
2009-08-11,485.25
2009-08-12,490.25
2009-08-13,481.5
2009-08-14,481.75
2009-08-17,471.75
2009-08-18,470.5
2009-08-19,466.0
2009-08-20,469.0
2009-08-21,460.25
2009-08-24,471.75
2009-08-25,471.0
2009-08-26,478.75
2009-08-27,475.0
2009-08-28,467.0
2009-08-31,471.0
2009-09-01,459.25
2009-09-02,457.0
2009-09-03,451.25
2009-09-04,444.0
2009-09-08,431.5
2009-09-09,429.0
2009-09-10,432.75
2009-09-11,441.75
2009-09-14,431.0
2009-09-15,470.5
2009-09-16,467.25
2009-09-17,461.75
2009-09-18,457.25
2009-09-21,456.0
2009-09-22,455.75
2009-09-23,460.0
2009-09-24,473.0
2009-09-25,449.75
2009-09-28,455.75
2009-09-29,447.5
2009-09-30,457.5
2009-10-01,452.75
2009-10-02,441.25
2009-10-05,442.75
2009-10-06,460.25
2009-10-07,463.25
2009-10-08,474.0
2009-10-09,468.0
2009-10-12,494.25
2009-10-13,511.25
2009-10-14,513.0
2009-10-15,505.0
2009-10-16,498.75
2009-10-19,517.75
2009-10-20,517.5
2009-10-21,542.5
2009-10-22,551.75
2009-10-23,547.75
2009-10-26,527.0
2009-10-27,503.25
2009-10-28,494.75
2009-10-29,503.75
2009-10-30,494.25
2009-11-02,516.75
2009-11-03,515.75
2009-11-04,521.0
2009-11-05,512.25
2009-11-06,497.25
2009-11-09,520.0
2009-11-10,523.0
2009-11-11,531.75
2009-11-12,531.75
2009-11-13,539.0
2009-11-16,562.25
2009-11-17,574.75
2009-11-18,566.25
2009-11-19,562.5
2009-11-20,559.75
2009-11-23,557.25
2009-11-24,533.0
2009-11-25,550.25
2009-11-27,548.75
2009-11-30,567.5
2009-12-01,562.5
2009-12-02,554.5
2009-12-03,549.75
2009-12-04,536.75
2009-12-07,526.5
2009-12-08,519.25
2009-12-09,515.0
2009-12-10,517.75
2009-12-11,519.25
2009-12-14,525.0
2009-12-15,536.75
2009-12-16,537.25
2009-12-17,518.5
2009-12-18,528.0
2009-12-21,519.5
2009-12-22,523.0
2009-12-23,529.0
2009-12-24,524.5
2009-12-28,550.75
2009-12-29,541.0
2009-12-30,544.75
2009-12-31,541.5
2010-01-04,557.75
2010-01-05,553.0
2010-01-06,567.25
2010-01-07,557.75
2010-01-08,568.5
2010-01-11,572.5
2010-01-12,535.75
2010-01-13,537.0
2010-01-14,527.75
2010-01-15,510.0
2010-01-19,500.5
2010-01-20,497.5
2010-01-21,499.5
2010-01-22,498.5
2010-01-25,498.25
2010-01-26,494.0
2010-01-27,483.75
2010-01-28,487.0
2010-01-29,474.0
2010-02-01,474.75
2010-02-02,487.25
2010-02-03,469.0
2010-02-04,475.75
2010-02-05,473.25
2010-02-08,484.0
2010-02-09,482.25
2010-02-10,496.75
2010-02-11,493.5
2010-02-12,486.5
2010-02-16,505.0
2010-02-17,494.75
2010-02-18,485.0
2010-02-19,489.75
2010-02-22,501.25
2010-02-23,491.75
2010-02-24,500.25
2010-02-25,489.75
2010-02-26,506.5
2010-03-01,492.75
2010-03-02,492.0
2010-03-03,503.5
2010-03-04,490.5
2010-03-05,482.25
2010-03-08,484.5
2010-03-09,478.5
2010-03-10,470.75
2010-03-11,468.5
2010-03-12,472.25
2010-03-15,479.25
2010-03-16,487.0
2010-03-17,496.0
2010-03-18,489.25
2010-03-19,483.75
2010-03-22,486.5
2010-03-23,476.75
2010-03-24,476.0
2010-03-25,466.5
2010-03-26,464.75
2010-03-29,464.75
2010-03-30,472.0
2010-03-31,450.5
2010-04-01,454.75
2010-04-05,453.5
2010-04-06,463.5
2010-04-07,475.25
2010-04-08,469.25
2010-04-09,465.75
2010-04-12,467.75
2010-04-13,476.0
2010-04-14,474.75
2010-04-15,480.25
2010-04-16,490.5
2010-04-19,467.75
2010-04-20,486.0
2010-04-21,487.25
2010-04-22,498.5
2010-04-23,493.25
2010-04-26,476.0
2010-04-27,478.25
2010-04-28,476.25
2010-04-29,484.5
2010-04-30,491.75
2010-05-03,490.0
2010-05-04,499.75
2010-05-05,501.0
2010-05-06,497.25
2010-05-07,500.25
2010-05-10,482.5
2010-05-11,483.75
2010-05-12,482.75
2010-05-13,471.0
2010-05-14,463.5
2010-05-17,469.0
2010-05-18,467.75
2010-05-19,469.25
2010-05-20,469.75
2010-05-21,472.0
2010-05-24,467.5
2010-05-25,460.5
2010-05-26,461.75
2010-05-27,467.75
2010-05-28,457.75
2010-06-01,450.75
2010-06-02,442.5
2010-06-03,441.75
2010-06-04,435.75
2010-06-07,432.25
2010-06-08,432.25
2010-06-09,428.0
2010-06-10,433.25
2010-06-11,440.75
2010-06-14,451.5
2010-06-15,451.75
2010-06-16,461.25
2010-06-17,462.75
2010-06-18,461.75
2010-06-21,462.0
2010-06-22,460.75
2010-06-23,462.25
2010-06-24,463.0
2010-06-25,456.25
2010-06-28,449.5
2010-06-29,442.0
2010-06-30,464.75
2010-07-01,484.0
2010-07-02,487.75
2010-07-06,492.75
2010-07-07,515.75
2010-07-08,534.0
2010-07-09,523.5
2010-07-12,521.25
2010-07-13,535.75
2010-07-14,548.25
2010-07-15,596.25
2010-07-16,587.25
2010-07-19,582.25
2010-07-20,577.0
2010-07-21,588.25
2010-07-22,596.5
2010-07-23,596.25
2010-07-26,589.5
2010-07-27,595.0
2010-07-28,615.5
2010-07-29,627.5
2010-07-30,661.5
2010-08-02,693.25
2010-08-03,680.0
2010-08-04,725.75
2010-08-05,785.75
2010-08-06,725.75
2010-08-09,712.5
2010-08-10,694.75
2010-08-11,694.75
2010-08-12,713.0
2010-08-13,702.5
2010-08-16,663.75
2010-08-17,651.0
2010-08-18,656.0
2010-08-19,681.25
2010-08-20,679.0
2010-08-23,692.25
2010-08-24,674.75
2010-08-25,647.75
2010-08-26,656.5
2010-08-27,662.5
2010-08-30,671.25
2010-08-31,652.5
2010-09-01,675.5
2010-09-02,680.75
2010-09-03,708.25
2010-09-07,702.5
2010-09-08,678.75
2010-09-09,706.75
2010-09-10,704.75
2010-09-13,713.75
2010-09-14,704.5
2010-09-15,726.75
2010-09-16,719.25
2010-09-17,739.25
2010-09-20,731.75
2010-09-21,718.0
2010-09-22,719.75
2010-09-23,697.25
2010-09-24,720.0
2010-09-27,706.5
2010-09-28,684.75
2010-09-29,683.5
2010-09-30,674.0
2010-10-01,655.0
2010-10-04,647.25
2010-10-05,663.5
2010-10-06,658.25
2010-10-07,659.25
2010-10-08,719.25
2010-10-11,709.25
2010-10-12,710.0
2010-10-13,702.75
2010-10-14,700.75
2010-10-15,704.5
2010-10-18,690.0
2010-10-19,671.5
2010-10-20,683.0
2010-10-21,668.75
2010-10-22,670.75
2010-10-25,674.0
2010-10-26,692.0
2010-10-27,702.75
2010-10-28,718.25
2010-10-29,717.25
2010-11-01,702.5
2010-11-02,694.25
2010-11-03,690.25
2010-11-04,713.75
2010-11-05,728.75
2010-11-08,736.25
2010-11-09,721.75
2010-11-10,710.0
2010-11-11,704.0
2010-11-12,669.25
2010-11-15,672.75
2010-11-16,626.25
2010-11-17,632.5
2010-11-18,645.25
2010-11-19,644.5
2010-11-22,645.5
2010-11-23,642.0
2010-11-24,647.5
2010-11-26,648.25
2010-11-29,650.25
2010-11-30,650.25
2010-12-01,697.5
2010-12-02,706.5
2010-12-03,738.0
2010-12-06,752.0
2010-12-07,743.0
2010-12-08,742.0
2010-12-09,748.25
2010-12-10,735.5
2010-12-13,740.25
2010-12-14,721.0
2010-12-15,764.75
2010-12-16,749.75
2010-12-17,756.75
2010-12-20,769.5
2010-12-21,765.0
2010-12-22,783.5
2010-12-23,783.0
2010-12-27,780.25
2010-12-28,798.25
2010-12-29,799.25
2010-12-30,784.75
2010-12-31,794.25
2011-01-03,805.5
2011-01-04,789.25
2011-01-05,808.25
2011-01-06,789.0
2011-01-07,774.0
2011-01-10,767.25
2011-01-11,759.5
2011-01-12,770.5
2011-01-13,783.5
2011-01-14,773.25
2011-01-18,793.25
2011-01-19,797.25
2011-01-20,803.5
2011-01-21,824.5
2011-01-24,835.25
2011-01-25,838.25
2011-01-26,856.5
2011-01-27,846.25
2011-01-28,825.75
2011-01-31,840.75
2011-02-01,835.75
2011-02-02,863.0
2011-02-03,859.0
2011-02-04,853.75
2011-02-07,858.75
2011-02-08,874.25
2011-02-09,886.0
2011-02-10,862.75
2011-02-11,867.0
2011-02-14,872.0
2011-02-15,840.25
2011-02-16,837.0
2011-02-17,850.75
2011-02-18,822.25
2011-02-22,762.25
2011-02-23,763.0
2011-02-24,747.25
2011-02-25,776.5
2011-02-28,782.5
2011-03-01,775.75
2011-03-02,776.75
2011-03-03,790.5
2011-03-04,800.5
2011-03-07,769.0
2011-03-08,751.25
2011-03-09,732.25
2011-03-10,714.0
2011-03-11,695.0
2011-03-14,700.5
2011-03-15,667.75
2011-03-16,662.0
2011-03-17,710.25
2011-03-18,723.0
2011-03-21,721.0
2011-03-22,722.25
2011-03-23,714.25
2011-03-24,739.5
2011-03-25,733.25
2011-03-28,725.25
2011-03-29,737.25
2011-03-30,727.25
2011-03-31,763.25
2011-04-01,759.5
2011-04-04,790.0
2011-04-05,786.25
2011-04-06,782.25
2011-04-07,773.25
2011-04-08,797.5
2011-04-11,798.25
2011-04-12,759.5
2011-04-13,752.75
2011-04-14,740.5
2011-04-15,744.25
2011-04-18,775.0
2011-04-19,785.75
2011-04-20,785.0
2011-04-21,799.5
2011-04-25,826.0
2011-04-26,811.25
2011-04-27,777.0
2011-04-28,743.0
2011-04-29,769.25
2011-05-02,759.75
2011-05-03,760.75
2011-05-04,741.0
2011-05-05,722.5
2011-05-06,724.5
2011-05-09,759.25
2011-05-10,769.0
2011-05-11,727.75
2011-05-12,700.5
2011-05-13,696.0
2011-05-16,736.5
2011-05-17,764.0
2011-05-18,817.0
2011-05-19,812.0
2011-05-20,806.5
2011-05-23,803.0
2011-05-24,779.75
2011-05-25,796.5
2011-05-26,814.5
2011-05-27,819.75
2011-05-31,782.25
2011-06-01,759.25
2011-06-02,769.75
2011-06-03,773.75
2011-06-06,744.0
2011-06-07,733.75
2011-06-08,748.0
2011-06-09,745.0
2011-06-10,759.25
2011-06-13,743.0
2011-06-14,731.25
2011-06-15,708.5
2011-06-16,673.25
2011-06-17,672.25
2011-06-20,659.25
2011-06-21,674.25
2011-06-22,638.25
2011-06-23,649.0
2011-06-24,635.75
2011-06-27,622.75
2011-06-28,640.25
2011-06-29,641.25
2011-06-30,584.75
2011-07-01,584.5
2011-07-05,613.75
2011-07-06,611.25
2011-07-07,624.5
2011-07-08,650.5
2011-07-11,636.0
2011-07-12,662.75
2011-07-13,702.0
2011-07-14,691.25
2011-07-15,694.75
2011-07-18,689.5
2011-07-19,693.5
2011-07-20,697.0
2011-07-21,677.25
2011-07-22,692.25
2011-07-25,688.5
2011-07-26,694.0
2011-07-27,704.75
2011-07-28,693.25
2011-07-29,672.5
2011-08-01,676.5
2011-08-02,718.0
2011-08-03,710.5
2011-08-04,681.75
2011-08-05,679.0
2011-08-08,656.5
2011-08-09,671.75
2011-08-10,685.0
2011-08-11,701.25
2011-08-12,702.5
2011-08-15,712.5
2011-08-16,724.75
2011-08-17,727.5
2011-08-18,707.75
2011-08-19,730.75
2011-08-22,735.5
2011-08-23,757.25
2011-08-24,749.25
2011-08-25,757.25
2011-08-26,762.25
2011-08-29,757.25
2011-08-30,750.25
2011-08-31,745.25
2011-09-01,715.5
2011-09-02,730.0
2011-09-06,716.25
2011-09-07,714.75
2011-09-08,709.25
2011-09-09,701.0
2011-09-12,699.75
2011-09-13,688.75
2011-09-14,701.75
2011-09-15,696.0
2011-09-16,688.25
2011-09-19,673.0
2011-09-20,674.75
2011-09-21,666.75
2011-09-22,633.75
2011-09-23,640.75
2011-09-26,648.25
2011-09-27,658.25
2011-09-28,638.75
2011-09-29,654.25
2011-09-30,609.25
2011-10-03,619.5
2011-10-04,604.0
2011-10-05,625.25
2011-10-06,616.0
2011-10-07,607.5
2011-10-10,611.5
2011-10-11,660.75
2011-10-12,626.75
2011-10-13,618.0
2011-10-14,622.75
2011-10-17,624.25
2011-10-18,625.25
2011-10-19,619.5
2011-10-20,630.75
2011-10-21,632.0
2011-10-24,642.5
2011-10-25,636.25
2011-10-26,619.5
2011-10-27,644.0
2011-10-28,644.5
2011-10-31,628.25
2011-11-01,630.0
2011-11-02,623.5
2011-11-03,636.0
2011-11-04,636.75
2011-11-07,638.75
2011-11-08,657.0
2011-11-09,643.0
2011-11-10,620.0
2011-11-11,616.75
2011-11-14,615.75
2011-11-15,632.75
2011-11-16,616.75
2011-11-17,592.5
2011-11-18,598.25
2011-11-21,591.5
2011-11-22,594.0
2011-11-23,579.25
2011-11-25,574.5
2011-11-28,574.75
2011-11-29,594.5
2011-11-30,595.75
2011-12-01,602.0
2011-12-02,612.25
2011-12-05,598.75
2011-12-06,598.75
2011-12-07,583.0
2011-12-08,576.75
2011-12-09,573.5
2011-12-12,575.5
2011-12-13,591.75
2011-12-14,588.0
2011-12-15,579.25
2011-12-16,583.75
2011-12-19,599.75
2011-12-20,607.75
2011-12-21,617.0
2011-12-22,621.75
2011-12-23,622.0
2011-12-27,644.75
2011-12-28,651.25
2011-12-29,645.25
2011-12-30,652.75
2012-01-03,657.0
2012-01-04,650.0
2012-01-05,629.25
2012-01-06,624.75
2012-01-09,641.75
2012-01-10,639.75
2012-01-11,641.0
2012-01-12,605.0
2012-01-13,602.25
2012-01-17,604.75
2012-01-18,592.25
2012-01-19,605.75
2012-01-20,610.5
2012-01-23,619.75
2012-01-24,633.5
2012-01-25,641.25
2012-01-26,653.5
2012-01-27,647.25
2012-01-30,644.75
2012-01-31,666.0
2012-02-01,674.25
2012-02-02,662.75
2012-02-03,660.75
2012-02-06,668.5
2012-02-07,662.25
2012-02-08,660.75
2012-02-09,646.0
2012-02-10,630.0
2012-02-13,641.25
2012-02-14,635.0
2012-02-15,626.0
2012-02-16,628.75
2012-02-17,644.0
2012-02-21,633.0
2012-02-22,644.5
2012-02-23,641.75
2012-02-24,641.0
2012-02-27,645.75
2012-02-28,662.25
2012-02-29,664.25
2012-03-01,659.25
2012-03-02,670.75
2012-03-05,667.75
2012-03-06,654.0
2012-03-07,633.0
2012-03-08,630.5
2012-03-09,638.75
2012-03-12,652.75
2012-03-13,651.5
2012-03-14,651.75
2012-03-15,664.75
2012-03-16,672.0
2012-03-19,652.25
2012-03-20,642.5
2012-03-21,636.25
2012-03-22,646.25
2012-03-23,654.25
2012-03-26,659.5
2012-03-27,639.75
2012-03-28,630.75
2012-03-29,612.5
2012-03-30,660.75
2012-04-02,657.0
2012-04-03,658.0
2012-04-04,639.25
2012-04-05,638.5
2012-04-09,643.0
2012-04-10,625.75
2012-04-11,628.0
2012-04-12,639.25
2012-04-13,623.5
2012-04-16,616.25
2012-04-17,615.5
2012-04-18,610.75
2012-04-19,624.75
2012-04-20,615.75
2012-04-23,625.0
2012-04-24,624.5
2012-04-25,616.5
2012-04-26,626.0
2012-04-27,642.25
2012-04-30,647.75
2012-05-01,633.75
2012-05-02,607.0
2012-05-03,608.25
2012-05-04,603.75
2012-05-07,606.25
2012-05-08,609.0
2012-05-09,591.25
2012-05-10,594.75
2012-05-11,592.75
2012-05-14,597.75
2012-05-15,608.5
2012-05-16,638.75
2012-05-17,657.75
2012-05-18,695.25
2012-05-21,704.0
2012-05-22,685.5
2012-05-23,665.5
2012-05-24,663.0
2012-05-25,680.0
2012-05-29,656.75
2012-05-30,653.75
2012-05-31,643.75
2012-06-01,612.25
2012-06-04,627.75
2012-06-05,613.25
2012-06-06,624.25
2012-06-07,641.75
2012-06-08,630.25
2012-06-11,630.5
2012-06-12,616.0
2012-06-13,616.0
2012-06-14,623.5
2012-06-15,609.5
2012-06-18,630.25
2012-06-19,649.5
2012-06-20,664.0
2012-06-21,661.75
2012-06-22,673.25
2012-06-25,724.25
2012-06-26,729.0
2012-06-27,732.0
2012-06-28,726.0
2012-06-29,739.0
2012-07-02,754.5
2012-07-03,782.25
2012-07-05,822.5
2012-07-06,791.25
2012-07-09,810.75
2012-07-10,804.75
2012-07-11,807.75
2012-07-12,832.75
2012-07-13,842.0
2012-07-16,884.5
2012-07-17,885.0
2012-07-18,903.25
2012-07-19,935.0
2012-07-20,943.25
2012-07-23,912.75
2012-07-24,878.75
2012-07-25,903.25
2012-07-26,884.0
2012-07-27,898.0
2012-07-30,914.5
2012-07-31,888.25
2012-08-01,879.5
2012-08-02,865.0
2012-08-03,891.25
2012-08-06,893.25
2012-08-07,889.0
2012-08-08,899.25
2012-08-09,913.0
2012-08-10,885.25
2012-08-13,856.75
2012-08-14,839.75
2012-08-15,846.75
2012-08-16,861.75
2012-08-17,874.5
2012-08-20,879.5
2012-08-21,900.5
2012-08-22,896.5
2012-08-23,874.5
2012-08-24,867.5
2012-08-27,862.0
2012-08-28,854.75
2012-08-29,885.5
2012-08-30,883.5
2012-08-31,870.0
2012-09-04,866.0
2012-09-05,845.75
2012-09-06,872.0
2012-09-07,884.75
2012-09-10,868.25
2012-09-11,860.0
2012-09-12,867.0
2012-09-13,879.0
2012-09-14,897.5
2012-09-17,878.0
2012-09-18,863.5
2012-09-19,881.5
2012-09-20,879.5
2012-09-21,897.25
2012-09-24,892.0
2012-09-25,886.5
2012-09-26,869.25
2012-09-27,855.5
2012-09-28,902.5
2012-10-01,884.25
2012-10-02,871.5
2012-10-03,873.0
2012-10-04,869.25
2012-10-05,857.5
2012-10-08,861.0
2012-10-09,864.25
2012-10-10,869.75
2012-10-11,886.0
2012-10-12,856.75
2012-10-15,848.25
2012-10-16,847.75
2012-10-17,856.25
2012-10-18,868.5
2012-10-19,872.5
2012-10-22,878.25
2012-10-23,868.75
2012-10-24,884.0
2012-10-25,872.75
2012-10-26,863.75
2012-10-31,864.5
2012-11-01,868.5
2012-11-02,864.5
2012-11-05,866.0
2012-11-06,877.0
2012-11-07,894.0
2012-11-08,902.5
2012-11-09,886.5
2012-11-12,857.75
2012-11-13,851.0
2012-11-14,848.75
2012-11-15,845.5
2012-11-16,838.0
2012-11-19,841.75
2012-11-20,845.0
2012-11-21,845.25
2012-11-23,847.75
2012-11-26,849.0
2012-11-27,873.0
2012-11-28,876.0
2012-11-29,869.25
2012-11-30,844.75
2012-12-03,842.0
2012-12-04,838.5
2012-12-05,842.25
2012-12-06,845.25
2012-12-07,844.25
2012-12-10,832.75
2012-12-11,805.75
2012-12-12,794.75
2012-12-13,793.0
2012-12-14,801.0
2012-12-17,808.0
2012-12-18,811.25
2012-12-19,805.75
2012-12-20,790.5
2012-12-21,792.0
2012-12-24,793.75
2012-12-26,774.5
2012-12-27,772.25
2012-12-28,778.75
2012-12-31,778.0
2013-01-02,755.25
2013-01-03,755.5
2013-01-04,747.25
2013-01-07,751.25
2013-01-08,750.5
2013-01-09,745.5
2013-01-10,744.5
2013-01-11,754.75
2013-01-14,767.0
2013-01-15,782.75
2013-01-16,785.0
2013-01-17,781.25
2013-01-18,791.25
2013-01-22,779.25
2013-01-23,774.75
2013-01-24,768.5
2013-01-25,776.5
2013-01-28,779.25
2013-01-29,777.0
2013-01-30,787.0
2013-01-31,779.5
2013-02-01,765.0
2013-02-04,763.0
2013-02-05,757.5
2013-02-06,761.5
2013-02-07,756.0
2013-02-08,756.25
2013-02-11,741.5
2013-02-12,732.0
2013-02-13,735.5
2013-02-14,732.0
2013-02-15,742.25
2013-02-19,732.25
2013-02-20,738.5
2013-02-21,721.25
2013-02-22,715.0
2013-02-25,699.25
2013-02-26,705.75
2013-02-27,704.25
2013-02-28,707.75
2013-03-01,713.25
2013-03-04,696.0
2013-03-05,696.25
2013-03-06,676.25
2013-03-07,686.75
2013-03-08,690.0
2013-03-11,694.0
2013-03-12,700.5
2013-03-13,707.25
2013-03-14,714.25
2013-03-15,723.0
2013-03-18,712.75
2013-03-19,722.0
2013-03-20,736.0
2013-03-21,728.75
2013-03-22,729.75
2013-03-25,727.25
2013-03-26,731.5
2013-03-27,736.75
2013-03-28,687.75
2013-04-01,664.0
2013-04-02,670.75
2013-04-03,696.5
2013-04-04,694.0
2013-04-05,699.0
2013-04-08,712.5
2013-04-09,708.75
2013-04-10,696.75
2013-04-11,697.75
2013-04-12,714.75
2013-04-15,693.75
2013-04-16,703.5
2013-04-17,703.75
2013-04-18,702.75
2013-04-19,709.0
2013-04-22,702.25
2013-04-23,697.5
2013-04-24,691.75
2013-04-25,701.25
2013-04-26,688.75
2013-04-29,709.75
2013-04-30,721.75
2013-05-01,710.5
2013-05-02,718.75
2013-05-03,711.25
2013-05-06,693.0
2013-05-07,699.5
2013-05-08,696.75
2013-05-09,716.25
2013-05-10,696.75
2013-05-13,701.5
2013-05-14,701.5
2013-05-15,693.75
2013-05-16,687.75
2013-05-17,683.25
2013-05-20,685.25
2013-05-21,680.5
2013-05-22,688.5
2013-05-23,703.25
2013-05-24,697.5
2013-05-28,693.75
2013-05-29,702.75
2013-05-30,698.75
2013-05-31,705.5
2013-06-03,708.75
2013-06-04,709.0
2013-06-05,701.5
2013-06-06,697.75
2013-06-07,696.25
2013-06-10,689.75
2013-06-11,696.75
2013-06-12,683.0
2013-06-13,685.5
2013-06-14,680.75
2013-06-17,680.5
2013-06-18,687.5
2013-06-19,707.0
2013-06-20,700.5
2013-06-21,698.0
2013-06-24,679.0
2013-06-25,675.75
2013-06-26,667.0
2013-06-27,663.5
2013-06-28,648.5
2013-07-01,645.75
2013-07-02,649.5
2013-07-03,657.75
2013-07-05,656.0
2013-07-08,660.0
2013-07-09,675.5
2013-07-10,672.0
2013-07-11,679.25
2013-07-12,675.5
2013-07-15,669.5
2013-07-16,669.5
2013-07-17,665.0
2013-07-18,660.5
2013-07-19,664.5
2013-07-22,659.75
2013-07-23,653.75
2013-07-24,653.25
2013-07-25,649.25
2013-07-26,650.25
2013-07-29,651.5
2013-07-30,655.25
2013-07-31,664.25
2013-08-01,658.0
2013-08-02,660.5
2013-08-05,645.25
2013-08-06,650.5
2013-08-07,643.5
2013-08-08,641.25
2013-08-09,633.5
2013-08-12,635.0
2013-08-13,628.25
2013-08-14,630.5
2013-08-15,637.5
2013-08-16,631.0
2013-08-19,641.5
2013-08-20,634.25
2013-08-21,638.75
2013-08-22,630.5
2013-08-23,634.5
2013-08-26,654.75
2013-08-27,650.75
2013-08-28,646.5
2013-08-29,641.25
2013-08-30,643.25
2013-09-03,636.5
2013-09-04,634.25
2013-09-05,627.25
2013-09-06,635.0
2013-09-09,628.75
2013-09-10,633.75
2013-09-11,635.0
2013-09-12,641.75
2013-09-13,627.75
2013-09-16,641.25
2013-09-17,643.0
2013-09-18,646.5
2013-09-19,657.0
2013-09-20,646.25
2013-09-23,653.5
2013-09-24,658.25
2013-09-25,670.5
2013-09-26,678.25
2013-09-27,683.0
2013-09-30,678.5
2013-10-01,681.25
2013-10-02,686.0
2013-10-03,689.25
2013-10-04,687.0
2013-10-07,694.75
2013-10-08,693.5
2013-10-09,690.5
2013-10-10,685.5
2013-10-11,692.25
2013-10-14,692.5
2013-10-15,685.75
2013-10-16,681.5
2013-10-17,686.0
2013-10-18,705.75
2013-10-21,699.75
2013-10-22,700.75
2013-10-23,701.75
2013-10-24,696.5
2013-10-25,690.75
2013-10-28,681.0
2013-10-29,681.25
2013-10-30,675.0
2013-10-31,667.5
2013-11-01,667.75
2013-11-04,662.75
2013-11-05,656.0
2013-11-06,653.25
2013-11-07,653.0
2013-11-08,649.75
2013-11-11,646.25
2013-11-12,645.25
2013-11-13,645.5
2013-11-14,644.75
2013-11-15,644.5
2013-11-18,642.25
2013-11-19,650.25
2013-11-20,647.25
2013-11-21,648.75
2013-11-22,649.5
2013-11-25,652.5
2013-11-26,646.5
2013-11-27,651.25
2013-11-29,655.0
2013-12-02,649.75
2013-12-03,653.75
2013-12-04,647.25
2013-12-05,638.0
2013-12-06,637.25
2013-12-09,639.0
2013-12-10,629.5
2013-12-11,630.25
2013-12-12,622.5
2013-12-13,618.25
2013-12-16,621.75
2013-12-17,619.75
2013-12-18,612.75
2013-12-19,610.75
2013-12-20,613.5
2013-12-23,609.5
2013-12-24,606.25
2013-12-26,606.0
2013-12-27,609.0
2013-12-30,600.5
2013-12-31,605.25
2014-01-02,597.0
2014-01-03,605.75
2014-01-06,605.75
2014-01-07,602.5
2014-01-08,588.75
2014-01-09,584.25
2014-01-10,569.0
2014-01-13,573.5
2014-01-14,579.25
2014-01-15,567.75
2014-01-16,572.75
2014-01-17,563.5
2014-01-21,562.25
2014-01-22,561.25
2014-01-23,570.0
2014-01-24,565.25
2014-01-27,563.5
2014-01-28,566.0
2014-01-29,551.5
2014-01-30,553.5
2014-01-31,555.75
2014-02-03,563.75
2014-02-04,584.5
2014-02-05,587.5
2014-02-06,580.75
2014-02-07,577.5
2014-02-10,584.75
2014-02-11,590.25
2014-02-12,587.0
2014-02-13,595.5
2014-02-14,598.5
2014-02-18,612.0
2014-02-19,620.25
2014-02-20,616.25
2014-02-21,609.75
2014-02-24,617.75
2014-02-25,615.0
2014-02-26,600.0
2014-02-27,582.25
2014-02-28,599.0
2014-03-03,626.75
2014-03-04,639.75
2014-03-05,637.25
2014-03-06,641.5
2014-03-07,646.25
2014-03-10,645.0
2014-03-11,663.25
2014-03-12,688.0
2014-03-13,679.0
2014-03-14,690.25
2014-03-17,674.5
2014-03-18,692.5
2014-03-19,715.75
2014-03-20,703.75
2014-03-21,693.25
2014-03-24,714.5
2014-03-25,708.25
2014-03-26,696.75
2014-03-27,710.5
2014-03-28,695.5
2014-03-31,697.25
2014-04-01,685.25
2014-04-02,669.25
2014-04-03,676.0
2014-04-04,669.75
2014-04-07,676.25
2014-04-08,681.0
2014-04-09,669.0
2014-04-10,662.25
2014-04-11,660.25
2014-04-14,678.75
2014-04-15,701.75
2014-04-16,688.0
2014-04-17,691.25
2014-04-21,668.25
2014-04-22,673.0
2014-04-23,676.5
2014-04-24,689.0
2014-04-25,700.25
2014-04-28,700.25
2014-04-29,708.0
2014-04-30,713.0
2014-05-01,698.75
2014-05-02,707.75
2014-05-05,721.25
2014-05-06,731.75
2014-05-07,729.75
2014-05-08,726.75
2014-05-09,714.0
2014-05-12,705.5
2014-05-13,700.0
2014-05-14,681.0
2014-05-15,678.25
2014-05-16,674.25
2014-05-19,674.5
2014-05-20,670.5
2014-05-21,664.25
2014-05-22,659.25
2014-05-23,652.5
2014-05-27,641.0
2014-05-28,638.75
2014-05-29,632.5
2014-05-30,627.25
2014-06-02,620.75
2014-06-03,612.5
2014-06-04,614.5
2014-06-05,605.75
2014-06-06,618.25
2014-06-09,612.5
2014-06-10,601.25
2014-06-11,589.25
2014-06-12,585.25
2014-06-13,586.0
2014-06-16,581.0
2014-06-17,581.75
2014-06-18,587.0
2014-06-19,593.5
2014-06-20,585.25
2014-06-23,579.75
2014-06-24,571.0
2014-06-25,575.5
2014-06-26,582.25
2014-06-27,585.25
2014-06-30,564.75
2014-07-01,559.75
2014-07-02,561.75
2014-07-03,568.0
2014-07-07,545.0
2014-07-08,545.25
2014-07-09,539.5
2014-07-10,536.75
2014-07-11,514.75
2014-07-14,549.75
2014-07-15,537.75
2014-07-16,538.0
2014-07-17,550.75
2014-07-18,532.25
2014-07-21,530.0
2014-07-22,524.5
2014-07-23,530.75
2014-07-24,528.75
2014-07-25,538.0
2014-07-28,534.75
2014-07-29,520.0
2014-07-30,527.25
2014-07-31,530.25
2014-08-01,534.25
2014-08-04,544.0
2014-08-05,552.5
2014-08-06,568.0
2014-08-07,561.5
2014-08-08,549.25
2014-08-11,546.5
2014-08-12,538.0
2014-08-13,528.0
2014-08-14,537.25
2014-08-15,551.25
2014-08-18,542.5
2014-08-19,546.0
2014-08-20,539.5
2014-08-21,546.25
2014-08-22,552.0
2014-08-25,542.5
2014-08-26,541.5
2014-08-27,547.25
2014-08-28,556.5
2014-08-29,550.25
2014-09-02,543.5
2014-09-03,523.5
2014-09-04,525.25
2014-09-05,531.5
2014-09-08,533.5
2014-09-09,527.5
2014-09-10,518.75
2014-09-11,503.0
2014-09-12,498.25
2014-09-15,500.75
2014-09-16,496.25
2014-09-17,499.25
2014-09-18,488.5
2014-09-19,474.5
2014-09-22,476.75
2014-09-23,476.0
2014-09-24,480.25
2014-09-25,474.0
2014-09-26,474.25
2014-09-29,481.25
2014-09-30,477.75
2014-10-01,479.0
2014-10-02,482.75
2014-10-03,485.75
2014-10-06,491.5
2014-10-07,506.25
2014-10-08,507.75
2014-10-09,493.25
2014-10-10,498.5
2014-10-13,505.25
2014-10-14,509.25
2014-10-15,506.0
2014-10-16,517.0
2014-10-17,516.0
2014-10-20,513.5
2014-10-21,519.25
2014-10-22,522.25
2014-10-23,526.75
2014-10-24,517.75
2014-10-27,522.75
2014-10-28,530.75
2014-10-29,538.25
2014-10-30,536.0
2014-10-31,532.5
2014-11-03,538.25
2014-11-04,530.5
2014-11-05,524.75
2014-11-06,520.25
2014-11-07,514.5
2014-11-10,517.25
2014-11-11,525.25
2014-11-12,542.75
2014-11-13,553.75
2014-11-14,560.5
2014-11-17,551.75
2014-11-18,549.0
2014-11-19,537.75
2014-11-20,547.25
2014-11-21,547.25
2014-11-24,542.25
2014-11-25,551.5
2014-11-26,562.0
2014-11-28,577.25
2014-12-01,606.75
2014-12-02,605.25
2014-12-03,597.0
2014-12-04,599.75
2014-12-05,609.0
2014-12-08,610.0
2014-12-09,600.5
2014-12-10,593.25
2014-12-11,610.25
2014-12-12,627.5
2014-12-15,619.0
2014-12-16,623.25
2014-12-17,648.5
2014-12-18,655.25
2014-12-19,632.25
2014-12-22,625.75
2014-12-23,635.5
2014-12-24,611.5
2014-12-26,610.75
2014-12-29,615.5
2014-12-30,602.0
2014-12-31,589.75
2015-01-02,581.25
2015-01-05,589.0
2015-01-06,591.75
2015-01-07,579.5
2015-01-08,567.0
2015-01-09,563.75
2015-01-12,555.5
2015-01-13,548.0
2015-01-14,537.75
2015-01-15,532.75
2015-01-16,532.75
2015-01-20,537.0
2015-01-21,536.75
2015-01-22,533.75
2015-01-23,530.0
2015-01-26,520.5
2015-01-27,519.0
2015-01-28,505.25
2015-01-29,507.75
2015-01-30,502.75
2015-02-02,492.75
2015-02-03,513.75
2015-02-04,511.0
2015-02-05,525.75
2015-02-06,527.0
2015-02-09,529.75
2015-02-10,521.75
2015-02-11,525.75
2015-02-12,521.25
2015-02-13,533.0
2015-02-17,534.75
2015-02-18,527.75
2015-02-19,527.75
2015-02-20,510.25
2015-02-23,505.75
2015-02-24,505.75
2015-02-25,497.75
2015-02-26,503.25
2015-02-27,517.5
2015-03-02,508.0
2015-03-03,508.75
2015-03-04,493.5
2015-03-05,481.25
2015-03-06,485.75
2015-03-09,494.25
2015-03-10,496.5
2015-03-11,503.0
2015-03-12,513.25
2015-03-13,508.75
2015-03-16,514.0
2015-03-17,503.5
2015-03-18,510.75
2015-03-19,512.0
2015-03-20,530.0
2015-03-23,534.0
2015-03-24,523.5
2015-03-25,519.0
2015-03-26,499.25
2015-03-27,507.75
2015-03-30,530.25
2015-03-31,511.75
2015-04-01,528.5
2015-04-02,536.25
2015-04-06,527.75
2015-04-07,526.0
2015-04-08,526.25
2015-04-09,518.75
2015-04-10,526.5
2015-04-13,502.25
2015-04-14,497.0
2015-04-15,490.75
2015-04-16,494.5
2015-04-17,494.5
2015-04-20,498.75
2015-04-21,500.75
2015-04-22,498.75
2015-04-23,497.75
2015-04-24,486.0
2015-04-27,470.25
2015-04-28,471.5
2015-04-29,477.25
2015-04-30,467.0
2015-05-01,470.0
2015-05-04,469.25
2015-05-05,464.0
2015-05-06,475.75
2015-05-07,465.75
2015-05-08,476.5
2015-05-11,476.25
2015-05-12,479.25
2015-05-13,481.0
2015-05-14,501.75
2015-05-15,511.0
2015-05-18,521.75
2015-05-19,510.25
2015-05-20,513.0
2015-05-21,522.0
2015-05-22,515.25
2015-05-26,493.5
2015-05-27,487.75
2015-05-28,488.75
2015-05-29,477.0
2015-06-01,493.75
2015-06-02,512.5
2015-06-03,510.75
2015-06-04,523.75
2015-06-05,517.0
2015-06-08,528.0
2015-06-09,532.25
2015-06-10,513.5
2015-06-11,504.25
2015-06-12,503.75
2015-06-15,489.25
2015-06-16,488.75
2015-06-17,491.25
2015-06-18,488.0
2015-06-19,488.5
2015-06-22,501.25
2015-06-23,521.5
2015-06-24,518.0
2015-06-25,532.0
2015-06-26,562.25
2015-06-29,580.5
2015-06-30,614.75
2015-07-01,587.5
2015-07-02,585.75
2015-07-06,588.5
2015-07-07,579.5
2015-07-08,572.25
2015-07-09,572.25
2015-07-10,581.5
2015-07-13,586.75
2015-07-14,583.5
2015-07-15,566.75
2015-07-16,562.25
2015-07-17,554.0
2015-07-20,532.75
2015-07-21,524.75
2015-07-22,516.75
2015-07-23,521.5
2015-07-24,511.75
2015-07-27,502.5
2015-07-28,510.75
2015-07-29,496.25
2015-07-30,496.5
2015-07-31,499.25
2015-08-03,499.0
2015-08-04,493.5
2015-08-05,502.0
2015-08-06,507.0
2015-08-07,510.5
2015-08-10,525.5
2015-08-11,507.25
2015-08-12,492.25
2015-08-13,503.25
2015-08-14,506.5
2015-08-17,500.5
2015-08-18,494.25
2015-08-19,496.25
2015-08-20,506.25
2015-08-21,499.5
2015-08-24,503.25
2015-08-25,495.0
2015-08-26,489.75
2015-08-27,484.25
2015-08-28,477.0
2015-08-31,482.5
2015-09-01,484.0
2015-09-02,473.0
2015-09-03,456.5
2015-09-04,457.75
2015-09-08,465.25
2015-09-09,462.0
2015-09-10,468.0
2015-09-11,475.5
2015-09-14,485.75
2015-09-15,494.75
2015-09-16,488.25
2015-09-17,481.5
2015-09-18,486.75
2015-09-21,496.75
2015-09-22,495.5
2015-09-23,507.5
2015-09-24,497.25
2015-09-25,507.75
2015-09-28,505.5
2015-09-29,503.75
2015-09-30,512.75
2015-10-01,518.25
2015-10-02,513.25
2015-10-05,515.5
2015-10-06,526.25
2015-10-07,516.75
2015-10-08,511.5
2015-10-09,509.25
2015-10-12,506.75
2015-10-13,519.0
2015-10-14,508.25
2015-10-15,502.5
2015-10-16,492.25
2015-10-19,485.75
2015-10-20,491.25
2015-10-21,494.75
2015-10-22,490.75
2015-10-23,490.5
2015-10-26,509.0
2015-10-27,509.25
2015-10-28,506.0
2015-10-29,515.0
2015-10-30,522.0
2015-11-02,508.0
2015-11-03,516.5
2015-11-04,526.25
2015-11-05,526.25
2015-11-06,523.25
2015-11-09,501.75
2015-11-10,490.75
2015-11-11,494.75
2015-11-12,498.0
2015-11-13,495.75
2015-11-16,494.0
2015-11-17,487.5
2015-11-18,483.25
2015-11-19,490.75
2015-11-20,488.5
2015-11-23,495.0
2015-11-24,484.25
2015-11-25,479.25
2015-11-27,465.75
2015-11-30,460.0
2015-12-01,456.5
2015-12-02,452.25
2015-12-03,464.75
2015-12-04,471.25
2015-12-07,470.25
2015-12-08,470.75
2015-12-09,478.0
2015-12-10,484.5
2015-12-11,482.75
2015-12-14,487.75
2015-12-15,494.25
2015-12-16,483.5
2015-12-17,484.0
2015-12-18,486.75
2015-12-21,479.0
2015-12-22,471.75
2015-12-23,469.5
2015-12-24,467.5
2015-12-28,466.5
2015-12-29,475.75
2015-12-30,469.75
2015-12-31,470.0
2016-01-04,458.25
2016-01-05,461.25
2016-01-06,462.75
2016-01-07,468.5
2016-01-08,478.5
2016-01-11,469.0
2016-01-12,481.25
2016-01-13,478.0
2016-01-14,468.75
2016-01-15,473.75
2016-01-19,474.5
2016-01-20,471.5
2016-01-21,475.0
2016-01-22,475.5
2016-01-25,481.5
2016-01-26,484.75
2016-01-27,476.5
2016-01-28,472.25
2016-01-29,479.25
2016-02-01,475.25
2016-02-02,475.25
2016-02-03,480.0
2016-02-04,472.75
2016-02-05,466.75
2016-02-08,458.5
2016-02-09,457.5
2016-02-10,461.25
2016-02-11,458.25
2016-02-12,457.5
2016-02-16,464.25
2016-02-17,468.5
2016-02-18,462.25
2016-02-19,461.75
2016-02-22,458.5
2016-02-23,448.0
2016-02-24,442.75
2016-02-25,445.25
2016-02-26,443.25
2016-02-29,445.0
2016-03-01,438.5
2016-03-02,442.75
2016-03-03,453.25
2016-03-04,454.75
2016-03-07,457.75
2016-03-08,461.25
2016-03-09,463.75
2016-03-10,471.5
2016-03-11,469.75
2016-03-14,471.5
2016-03-15,477.25
2016-03-16,470.75
2016-03-17,462.5
2016-03-18,463.0
2016-03-21,466.5
2016-03-22,466.75
2016-03-23,463.0
2016-03-24,463.0
2016-03-28,471.0
2016-03-29,476.75
2016-03-30,464.0
2016-03-31,473.5
2016-04-01,475.75
2016-04-04,474.75
2016-04-05,474.0
2016-04-06,463.0
2016-04-07,457.0
2016-04-08,460.25
2016-04-11,447.25
2016-04-12,452.5
2016-04-13,461.5
2016-04-14,459.75
2016-04-15,459.75
2016-04-18,472.75
2016-04-19,486.25
2016-04-20,504.25
2016-04-21,495.75
2016-04-22,467.0
2016-04-25,471.25
2016-04-26,479.75
2016-04-27,474.25
2016-04-28,475.5
2016-04-29,478.0
2016-05-02,477.0
2016-05-03,459.75
2016-05-04,460.5
2016-05-05,453.0
2016-05-06,453.25
2016-05-09,447.0
2016-05-10,451.5
2016-05-11,449.5
2016-05-12,458.5
2016-05-13,465.0
2016-05-16,474.75
2016-05-17,481.75
2016-05-18,480.0
2016-05-19,468.75
2016-05-20,467.75
2016-05-23,462.0
2016-05-24,464.0
2016-05-25,466.0
2016-05-26,481.25
2016-05-27,481.5
2016-05-31,464.5
2016-06-01,473.75
2016-06-02,485.5
2016-06-03,497.25
2016-06-06,507.5
2016-06-07,509.0
2016-06-08,519.5
2016-06-09,510.25
2016-06-10,495.0
2016-06-13,491.25
2016-06-14,485.0
2016-06-15,477.5
2016-06-16,472.5
2016-06-17,481.25
2016-06-20,473.0
2016-06-21,458.5
2016-06-22,458.75
2016-06-23,454.25
2016-06-24,454.75
2016-06-27,446.75
2016-06-28,443.75
2016-06-29,429.5
2016-06-30,431.25
2016-07-01,416.25
2016-07-05,419.5
2016-07-06,415.75
2016-07-07,412.0
2016-07-08,420.75
2016-07-11,416.25
2016-07-12,424.0
2016-07-13,426.25
2016-07-14,421.75
2016-07-15,424.75
2016-07-18,429.5
2016-07-19,418.0
2016-07-20,413.0
2016-07-21,417.75
2016-07-22,425.25
2016-07-25,429.0
2016-07-26,415.0
2016-07-27,414.75
2016-07-28,410.25
2016-07-29,407.75
2016-08-01,406.0
2016-08-02,401.25
2016-08-03,410.25
2016-08-04,403.25
2016-08-05,416.0
2016-08-08,417.0
2016-08-09,417.0
2016-08-10,421.75
2016-08-11,416.25
2016-08-12,422.5
2016-08-15,422.0
2016-08-16,423.5
2016-08-17,426.0
2016-08-18,427.0
2016-08-19,427.0
2016-08-22,415.25
2016-08-23,407.75
2016-08-24,404.0
2016-08-25,401.25
2016-08-26,383.5
2016-08-29,370.5
2016-08-30,363.25
2016-08-31,361.0
2016-09-01,368.25
2016-09-02,373.25
2016-09-06,371.0
2016-09-07,375.25
2016-09-08,377.0
2016-09-09,376.0
2016-09-12,383.25
2016-09-13,374.75
2016-09-14,376.75
2016-09-15,399.5
2016-09-16,403.25
2016-09-19,404.0
2016-09-20,406.0
2016-09-21,407.75
2016-09-22,405.5
2016-09-23,404.75
2016-09-26,396.0
2016-09-27,404.0
2016-09-28,403.25
2016-09-29,399.0
2016-09-30,402.0
2016-10-03,395.5
2016-10-04,395.5
2016-10-05,405.0
2016-10-06,395.75
2016-10-07,394.75
2016-10-11,407.25
2016-10-12,396.75
2016-10-13,416.0
2016-10-14,421.0
2016-10-17,423.75
2016-10-18,420.0
2016-10-19,420.25
2016-10-20,417.0
2016-10-21,414.5
2016-10-24,402.5
2016-10-25,404.25
2016-10-26,411.5
2016-10-27,414.5
2016-10-28,408.5
2016-10-31,416.25
2016-11-01,414.25
2016-11-02,417.75
2016-11-03,412.0
2016-11-04,414.25
2016-11-07,410.0
2016-11-08,415.25
2016-11-09,406.75
2016-11-10,404.75
2016-11-14,394.0
2016-11-15,399.0
2016-11-16,397.0
2016-11-17,403.0
2016-11-18,408.0
2016-11-21,410.25
2016-11-22,407.25
2016-11-23,401.5
2016-11-25,395.75
2016-11-28,389.5
2016-11-29,384.0
2016-11-30,380.5
2016-12-01,371.5
2016-12-02,387.5
2016-12-05,389.25
2016-12-06,389.5
2016-12-07,386.25
2016-12-08,390.75
2016-12-09,400.25
2016-12-12,401.25
2016-12-13,398.0
2016-12-14,391.5
2016-12-15,409.25
2016-12-16,409.25
2016-12-19,405.0
2016-12-20,403.25
2016-12-21,399.5
2016-12-22,397.0
2016-12-23,393.5
2016-12-27,409.5
2016-12-28,401.5
2016-12-29,404.75
2016-12-30,408.0
2017-01-03,406.5
2017-01-04,418.5
2017-01-05,426.25
2017-01-06,423.25
2017-01-09,427.25
2017-01-10,426.75
2017-01-11,418.75
2017-01-12,426.25
2017-01-13,426.0
2017-01-17,433.5
2017-01-18,431.0
2017-01-19,423.5
2017-01-20,428.25
2017-01-23,433.25
2017-01-24,426.75
2017-01-25,424.5
2017-01-26,427.0
2017-01-27,420.5
2017-01-30,414.0
2017-01-31,420.75
2017-02-01,433.75
2017-02-02,434.5
2017-02-03,430.25
2017-02-06,422.5
2017-02-07,430.75
2017-02-08,432.5
2017-02-09,443.5
2017-02-10,449.0
2017-02-13,452.25
2017-02-14,449.5
2017-02-15,454.75
2017-02-16,447.75
2017-02-17,441.0
2017-02-21,436.0
2017-02-22,441.25
2017-02-23,438.0
2017-02-24,431.25
2017-02-27,418.75
2017-02-28,424.75
2017-03-01,435.5
2017-03-02,432.0
2017-03-03,433.75
2017-03-06,438.25
2017-03-07,436.0
2017-03-08,427.5
2017-03-09,426.0
2017-03-10,422.75
2017-03-13,412.25
2017-03-14,412.0
2017-03-15,436.0
2017-03-16,436.0
2017-03-17,436.25
2017-03-20,430.25
2017-03-21,426.5
2017-03-22,422.25
2017-03-23,421.0
2017-03-24,424.75
2017-03-27,420.75
2017-03-28,424.5
2017-03-29,425.5
2017-03-30,421.0
2017-03-31,426.5
2017-04-03,427.75
2017-04-04,427.0
2017-04-05,429.75
2017-04-06,423.25
2017-04-07,424.0
2017-04-10,428.75
2017-04-11,433.25
2017-04-12,433.25
2017-04-13,429.75
2017-04-17,421.0
2017-04-18,422.5
2017-04-19,419.0
2017-04-20,406.25
2017-04-21,405.0
2017-04-24,402.5
2017-04-25,408.75
2017-04-26,407.75
2017-04-27,413.5
2017-04-28,418.5
2017-05-01,442.75
2017-05-02,441.5
2017-05-03,443.0
2017-05-04,426.0
2017-05-05,427.5
2017-05-08,418.0
2017-05-09,421.75
2017-05-10,424.0
2017-05-11,426.0
2017-05-12,425.0
2017-05-15,423.25
2017-05-16,424.25
2017-05-17,427.0
2017-05-18,425.75
2017-05-19,435.25
2017-05-22,434.25
2017-05-23,429.5
2017-05-24,432.5
2017-05-25,430.75
2017-05-26,438.25
2017-05-30,429.5
2017-05-31,429.25
2017-06-01,429.0
2017-06-02,429.5
2017-06-05,429.5
2017-06-06,435.75
2017-06-07,444.75
2017-06-08,449.25
2017-06-09,445.75
2017-06-12,434.0
2017-06-13,445.0
2017-06-14,443.0
2017-06-15,453.75
2017-06-16,465.25
2017-06-19,467.0
2017-06-20,472.5
2017-06-21,464.5
2017-06-22,461.25
2017-06-23,459.75
2017-06-26,450.0
2017-06-27,453.25
2017-06-28,457.25
2017-06-29,480.25
2017-06-30,511.0
2017-07-03,536.75
2017-07-05,539.25
2017-07-06,519.0
2017-07-07,515.25
2017-07-10,530.5
2017-07-11,535.5
2017-07-12,522.5
2017-07-13,495.5
2017-07-14,494.75
2017-07-17,506.0
2017-07-18,503.75
2017-07-19,503.0
2017-07-20,505.75
2017-07-21,499.25
2017-07-24,488.75
2017-07-25,474.0
2017-07-26,477.75
2017-07-27,479.75
2017-07-28,481.0
2017-07-31,474.5
2017-08-01,461.25
2017-08-02,460.75
2017-08-03,457.75
2017-08-04,454.75
2017-08-07,463.5
2017-08-08,457.0
2017-08-09,459.5
2017-08-10,440.5
2017-08-11,439.25
2017-08-14,441.0
2017-08-15,429.5
2017-08-16,419.25
2017-08-17,414.0
2017-08-18,416.0
2017-08-21,409.5
2017-08-22,402.25
2017-08-23,403.25
2017-08-24,409.0
2017-08-25,409.5
2017-08-28,400.0
2017-08-29,402.75
2017-08-30,403.5
2017-08-31,410.25
2017-09-01,420.5
2017-09-05,430.5
2017-09-06,421.75
2017-09-07,413.5
2017-09-08,413.75
2017-09-11,412.25
2017-09-12,419.5
2017-09-13,420.75
2017-09-14,428.25
2017-09-15,449.0
2017-09-18,443.5
2017-09-19,443.0
2017-09-20,449.75
2017-09-21,452.5
2017-09-22,449.5
2017-09-25,454.0
2017-09-26,453.75
2017-09-27,461.5
2017-09-28,455.0
2017-09-29,448.25
2017-10-02,444.75
2017-10-03,448.0
2017-10-04,442.0
2017-10-05,440.75
2017-10-06,443.5
2017-10-09,436.0
2017-10-10,435.25
2017-10-11,433.25
2017-10-12,430.5
2017-10-13,439.5
2017-10-16,436.5
2017-10-17,434.75
2017-10-18,430.0
2017-10-19,432.75
2017-10-20,426.0
2017-10-23,436.75
2017-10-24,438.0
2017-10-25,435.5
2017-10-26,431.75
2017-10-27,427.25
2017-10-30,424.75
2017-10-31,418.5
2017-11-01,418.0
2017-11-02,426.0
2017-11-03,425.75
2017-11-06,430.75
2017-11-07,427.25
2017-11-08,426.75
2017-11-09,429.0
2017-11-10,431.5
2017-11-13,424.25
2017-11-14,428.0
2017-11-15,420.0
2017-11-16,421.5
2017-11-17,427.25
2017-11-20,422.0
2017-11-21,424.75
2017-11-22,422.75
2017-11-24,415.75
2017-11-27,409.5
2017-11-28,410.75
2017-11-29,416.5
2017-11-30,409.25
2017-12-01,414.5
2017-12-04,410.25
2017-12-05,406.0
2017-12-06,398.5
2017-12-07,394.25
2017-12-08,392.0
2017-12-11,387.75
2017-12-12,387.25
2017-12-13,392.25
2017-12-14,395.0
2017-12-15,418.25
2017-12-18,420.5
2017-12-19,419.5
2017-12-20,423.5
2017-12-21,427.0
2017-12-22,424.75
2017-12-26,422.25
2017-12-27,428.0
2017-12-28,427.75
2017-12-29,427.0
2018-01-02,433.5
2018-01-03,436.0
2018-01-04,434.0
2018-01-05,430.75
2018-01-08,427.75
2018-01-09,432.25
2018-01-10,434.25
2018-01-11,433.25
2018-01-12,420.5
2018-01-16,416.5
2018-01-17,421.5
2018-01-18,425.25
2018-01-19,422.75
2018-01-22,425.75
2018-01-23,421.5
2018-01-24,433.0
2018-01-25,434.5
2018-01-26,441.0
2018-01-29,449.25
2018-01-30,457.25
2018-01-31,451.75
2018-02-01,451.0
2018-02-02,446.75
2018-02-05,440.25
2018-02-06,446.25
2018-02-07,460.5
2018-02-08,456.25
2018-02-09,449.0
2018-02-12,464.0
2018-02-13,460.75
2018-02-14,455.75
2018-02-15,461.75
2018-02-16,457.75
2018-02-20,449.25
2018-02-21,447.25
2018-02-22,451.25
2018-02-23,452.25
2018-02-26,459.5
2018-02-27,463.25
2018-02-28,484.5
2018-03-01,505.5
2018-03-02,492.0
2018-03-05,502.25
2018-03-06,502.0
2018-03-07,493.0
2018-03-08,494.75
2018-03-09,489.0
2018-03-12,489.75
2018-03-13,485.5
2018-03-14,495.75
2018-03-15,478.75
2018-03-16,467.75
2018-03-19,450.75
2018-03-20,453.0
2018-03-21,453.5
2018-03-22,455.75
2018-03-23,460.25
2018-03-26,454.25
2018-03-27,449.0
2018-03-28,445.5
2018-03-29,451.0
2018-04-02,446.25
2018-04-03,457.5
2018-04-04,455.75
2018-04-05,464.75
2018-04-06,472.25
2018-04-09,490.75
2018-04-10,492.0
2018-04-11,487.25
2018-04-12,481.0
2018-04-13,472.5
2018-04-16,462.25
2018-04-17,466.25
2018-04-18,475.25
2018-04-19,476.75
2018-04-20,463.25
2018-04-23,461.5
2018-04-24,472.5
2018-04-25,486.25
2018-04-26,480.75
2018-04-27,495.5
2018-04-30,512.5
2018-05-01,529.75
2018-05-02,525.75
2018-05-03,540.5
2018-05-04,527.5
2018-05-07,514.0
2018-05-08,517.75
2018-05-09,514.5
2018-05-10,507.75
2018-05-11,489.5
2018-05-14,480.5
2018-05-15,493.5
2018-05-16,494.25
2018-05-17,497.5
2018-05-18,518.25
2018-05-21,507.25
2018-05-22,521.5
2018-05-23,531.0
2018-05-24,530.25
2018-05-25,543.0
2018-05-29,536.5
2018-05-30,522.0
2018-05-31,526.25
2018-06-01,523.25
2018-06-04,505.25
2018-06-05,510.0
2018-06-06,519.75
2018-06-07,526.75
2018-06-08,520.0
2018-06-11,514.5
2018-06-12,534.5
2018-06-13,516.5
2018-06-14,501.5
2018-06-15,499.5
2018-06-18,490.0
2018-06-19,477.75
2018-06-20,488.25
2018-06-21,495.25
2018-06-22,491.25
2018-06-25,476.75
2018-06-26,469.5
2018-06-27,479.5
2018-06-28,479.5
2018-06-29,497.5
2018-07-02,480.25
2018-07-03,491.5
2018-07-05,504.0
2018-07-06,512.75
2018-07-09,507.75
2018-07-10,489.5
2018-07-11,469.75
2018-07-12,482.5
2018-07-13,481.5
2018-07-16,488.5
2018-07-17,497.75
2018-07-18,494.5
2018-07-19,504.25
2018-07-20,516.0
2018-07-23,513.75
2018-07-24,510.25
2018-07-25,542.75
2018-07-26,536.5
2018-07-27,530.5
2018-07-30,546.5
2018-07-31,553.75
2018-08-01,558.25
2018-08-02,560.5
2018-08-03,556.25
2018-08-06,574.5
2018-08-07,568.25
2018-08-08,570.0
2018-08-09,564.5
2018-08-10,546.75
2018-08-13,533.5
2018-08-14,541.75
2018-08-15,532.25
2018-08-16,542.25
2018-08-17,560.5
2018-08-20,542.25
2018-08-21,527.25
2018-08-22,526.0
2018-08-23,522.0
2018-08-24,514.75
2018-08-27,499.25
2018-08-28,498.25
2018-08-29,515.75
2018-08-30,508.0
2018-08-31,518.5
2018-09-04,502.75
2018-09-05,493.75
2018-09-06,486.0
2018-09-07,486.25
2018-09-10,504.0
2018-09-11,493.75
2018-09-12,481.75
2018-09-13,471.75
2018-09-14,480.0
2018-09-17,506.25
2018-09-18,510.5
2018-09-19,522.5
2018-09-20,524.0
2018-09-21,521.75
2018-09-24,527.0
2018-09-25,520.75
2018-09-26,517.5
2018-09-27,513.0
2018-09-28,509.0
2018-10-01,509.5
2018-10-02,519.25
2018-10-03,515.25
2018-10-04,518.0
2018-10-05,521.0
2018-10-08,514.0
2018-10-09,515.0
2018-10-10,510.5
2018-10-11,508.0
2018-10-12,517.25
2018-10-15,525.0
2018-10-16,523.5
2018-10-17,517.5
2018-10-18,513.0
2018-10-19,514.75
2018-10-22,508.0
2018-10-23,509.0
2018-10-24,499.5
2018-10-25,487.25
2018-10-26,505.25
2018-10-29,507.25
2018-10-30,499.75
2018-10-31,500.5
2018-11-01,508.0
2018-11-02,508.75
2018-11-05,507.25
2018-11-06,512.0
2018-11-07,510.25
2018-11-08,507.75
2018-11-09,502.0
2018-11-12,519.75
2018-11-13,507.75
2018-11-14,503.0
2018-11-15,505.5
2018-11-16,506.75
2018-11-19,498.5
2018-11-20,500.75
2018-11-21,498.75
2018-11-23,499.75
2018-11-26,507.5
2018-11-27,498.0
2018-11-28,497.5
2018-11-29,496.5
2018-11-30,515.75
2018-12-03,515.75
2018-12-04,519.25
2018-12-06,505.25
2018-12-07,519.5
2018-12-10,514.75
2018-12-11,509.75
2018-12-12,515.25
2018-12-13,527.75
2018-12-14,527.75
2018-12-17,535.25
2018-12-18,532.75
2018-12-19,522.5
2018-12-20,523.5
2018-12-21,514.0
2018-12-24,516.5
2018-12-26,510.0
2018-12-27,510.5
2018-12-28,511.5
2018-12-31,503.25
2019-01-02,506.75
2019-01-03,513.75
2019-01-04,517.0
2019-01-07,516.75
2019-01-08,517.75
2019-01-09,520.0
2019-01-10,513.75
2019-01-11,519.5
2019-01-14,514.25
2019-01-15,511.0
2019-01-16,512.5
2019-01-17,517.75
2019-01-18,517.75
2019-01-22,521.25
2019-01-23,526.0
2019-01-24,521.5
2019-01-25,520.0
2019-01-28,518.75
2019-01-29,513.25
2019-01-30,516.75
2019-01-31,516.5
2019-02-01,524.25
2019-02-04,525.75
2019-02-05,527.25
2019-02-06,526.0
2019-02-07,513.25
2019-02-08,517.25
2019-02-11,518.25
2019-02-12,520.0
2019-02-13,522.25
2019-02-14,507.0
2019-02-15,504.25
2019-02-19,489.75
2019-02-20,480.75
2019-02-21,486.5
2019-02-22,486.75
2019-02-25,466.75
2019-02-26,460.25
2019-02-27,461.0
2019-02-28,452.5
2019-03-01,454.0
2019-03-04,446.75
2019-03-05,454.25
2019-03-06,440.5
2019-03-07,431.5
2019-03-08,432.75
2019-03-11,422.25
2019-03-12,446.25
2019-03-13,440.25
2019-03-14,448.25
2019-03-15,462.25
2019-03-18,456.75
2019-03-19,456.5
2019-03-20,464.75
2019-03-21,466.5
2019-03-22,466.0
2019-03-25,469.5
2019-03-26,469.25
2019-03-27,469.5
2019-03-28,464.5
2019-03-29,457.75
2019-04-01,462.75
2019-04-02,464.0
2019-04-03,471.0
2019-04-04,470.75
2019-04-05,467.75
2019-04-08,465.25
2019-04-09,459.5
2019-04-10,458.0
2019-04-11,460.5
2019-04-12,464.5
2019-04-15,459.5
2019-04-16,445.0
2019-04-17,447.0
2019-04-18,444.25
2019-04-22,435.75
2019-04-23,438.75
2019-04-24,432.25
2019-04-25,434.75
2019-04-26,435.0
2019-04-29,426.75
2019-04-30,418.5
2019-05-01,425.0
2019-05-02,433.25
2019-05-03,428.0
2019-05-06,428.0
2019-05-07,430.5
2019-05-08,431.25
2019-05-09,421.75
2019-05-10,419.0
2019-05-13,431.25
2019-05-14,439.25
2019-05-15,448.75
2019-05-16,467.0
2019-05-17,465.0
2019-05-20,478.25
2019-05-21,478.75
2019-05-22,472.75
2019-05-23,470.25
2019-05-24,489.5
2019-05-28,504.75
2019-05-29,490.5
2019-05-30,514.5
2019-05-31,503.0
2019-06-03,519.75
2019-06-04,507.25
2019-06-05,490.75
2019-06-06,510.0
2019-06-07,504.5
2019-06-10,507.5
2019-06-11,518.0
2019-06-12,526.25
2019-06-13,535.5
2019-06-14,538.5
2019-06-17,539.5
2019-06-18,531.5
2019-06-19,522.25
2019-06-20,526.5
2019-06-21,526.0
2019-06-24,538.0
2019-06-25,535.75
2019-06-26,543.75
2019-06-27,547.5
2019-06-28,528.0
2019-07-01,514.0
2019-07-02,503.5
2019-07-03,518.0
2019-07-05,519.25
2019-07-08,516.75
2019-07-09,509.75
2019-07-10,511.75
2019-07-11,536.25
2019-07-12,536.25
2019-07-15,507.75
2019-07-16,507.5
2019-07-17,505.5
2019-07-18,493.5
2019-07-19,502.5
2019-07-22,487.25
2019-07-23,487.25
2019-07-24,497.75
2019-07-25,499.5
2019-07-26,496.0
2019-07-29,503.5
2019-07-30,497.25
2019-07-31,487.25
2019-08-01,475.75
2019-08-02,490.75
2019-08-05,494.5
2019-08-06,484.0
2019-08-07,488.25
2019-08-08,498.5
2019-08-09,499.5
2019-08-12,471.75
2019-08-13,472.0
2019-08-14,473.75
2019-08-15,469.0
2019-08-16,470.75
2019-08-19,465.5
2019-08-20,460.0
2019-08-21,462.5
2019-08-22,467.25
2019-08-23,475.25
2019-08-26,473.0
2019-08-27,473.75
2019-08-28,472.25
2019-08-29,469.75
2019-08-30,451.25
2019-09-03,447.25
2019-09-04,456.25
2019-09-05,464.0
2019-09-06,460.25
2019-09-09,474.5
2019-09-10,484.5
2019-09-11,477.5
2019-09-12,485.75
2019-09-13,485.75
2019-09-16,488.75
2019-09-17,484.25
2019-09-18,489.5
2019-09-19,488.0
2019-09-20,484.25
2019-09-23,483.0
2019-09-24,481.75
2019-09-25,477.25
2019-09-26,484.25
2019-09-27,487.25
2019-09-30,495.75
2019-10-01,498.75
2019-10-02,489.0
2019-10-03,488.75
2019-10-04,490.5
2019-10-07,489.25
2019-10-08,500.25
2019-10-09,500.25
2019-10-10,493.0
2019-10-11,508.0
2019-10-14,511.0
2019-10-15,507.0
2019-10-16,513.25
2019-10-17,525.5
2019-10-18,532.25
2019-10-21,523.5
2019-10-22,518.0
2019-10-23,520.75
2019-10-24,516.0
2019-10-25,517.75
2019-10-28,511.75
2019-10-29,511.5
2019-10-30,509.25
2019-10-31,508.75
2019-11-01,516.0
2019-11-04,509.75
2019-11-05,515.25
2019-11-06,516.75
2019-11-07,512.5
2019-11-08,510.25
2019-11-11,505.75
2019-11-12,517.0
2019-11-13,509.0
2019-11-14,507.75
2019-11-15,502.75
2019-11-18,507.25
2019-11-19,512.0
2019-11-20,515.5
2019-11-21,509.0
2019-11-22,515.25
2019-11-25,531.0
2019-11-26,530.25
2019-11-27,528.5
2019-11-29,547.5
2019-12-02,543.25
2019-12-03,530.5
2019-12-04,535.0
2019-12-05,532.0
2019-12-06,532.5
2019-12-09,532.0
2019-12-10,534.75
2019-12-11,530.75
2019-12-12,539.25
2019-12-13,539.25
2019-12-16,549.75
2019-12-17,556.25
2019-12-18,548.25
2019-12-19,545.25
2019-12-20,542.25
2019-12-23,539.5
2019-12-24,541.0
2019-12-26,549.0
2019-12-27,556.25
2019-12-30,556.0
2019-12-31,558.75
2020-01-02,560.25
2020-01-03,554.5
2020-01-06,550.0
2020-01-07,550.25
2020-01-08,552.75
2020-01-09,562.25
2020-01-10,564.5
2020-01-13,562.25
2020-01-14,568.5
2020-01-15,573.25
2020-01-16,565.25
2020-01-17,570.5
2020-01-21,581.5
2020-01-22,577.75
2020-01-23,580.5
2020-01-24,573.5
2020-01-27,572.25
2020-01-28,569.75
2020-01-29,562.25
2020-01-30,560.5
2020-01-31,553.75
2020-02-03,555.5
2020-02-04,557.25
2020-02-05,562.0
2020-02-06,556.25
2020-02-07,558.75
2020-02-10,552.0
2020-02-11,542.0
2020-02-12,547.5
2020-02-13,544.25
2020-02-14,542.75
2020-02-18,566.75
2020-02-19,565.25
2020-02-20,560.0
2020-02-21,551.0
2020-02-24,536.25
2020-02-25,539.0
2020-02-26,540.25
2020-02-27,529.25
2020-02-28,529.0
2020-03-02,526.25
2020-03-03,528.75
2020-03-04,521.5
2020-03-05,524.25
2020-03-06,521.25
2020-03-09,522.25
2020-03-10,526.75
2020-03-11,517.25
2020-03-12,508.25
2020-03-13,514.75
2020-03-16,498.0
2020-03-17,499.25
2020-03-18,508.25
2020-03-19,535.0
2020-03-20,539.25
2020-03-23,562.5
2020-03-24,561.5
2020-03-25,580.0
2020-03-26,569.0
2020-03-27,571.25
2020-03-30,569.5
2020-03-31,568.75
2020-04-01,550.25
2020-04-02,541.75
2020-04-03,549.25
2020-04-06,555.75
2020-04-07,549.25
2020-04-08,548.25
2020-04-09,556.5
2020-04-13,555.0
2020-04-14,548.75
2020-04-15,540.25
2020-04-16,529.75
2020-04-17,533.5
2020-04-20,548.75
2020-04-21,546.75
2020-04-22,543.0
2020-04-23,547.0
2020-04-24,526.75
2020-04-27,521.0
2020-04-28,526.75
2020-04-29,519.5
2020-04-30,529.75
2020-05-01,521.5
2020-05-04,524.25
2020-05-05,525.5
2020-05-06,524.75
2020-05-07,529.0
2020-05-08,529.5
2020-05-11,524.75
2020-05-12,521.75
2020-05-13,510.5
2020-05-14,510.5
2020-05-15,500.25
2020-05-18,497.0
2020-05-19,498.75
2020-05-20,513.75
2020-05-21,516.0
2020-05-22,508.75
2020-05-26,506.75
2020-05-27,504.5
2020-05-28,514.5
2020-05-29,520.75
2020-06-01,515.25
2020-06-02,508.0
2020-06-03,512.0
2020-06-04,523.75
2020-06-05,515.25
2020-06-08,511.5
2020-06-09,504.5
2020-06-10,506.25
2020-06-11,499.25
2020-06-12,502.0
2020-06-15,504.75
2020-06-16,496.0
2020-06-17,488.75
2020-06-18,483.5
2020-06-19,481.25
2020-06-22,485.0
2020-06-23,486.0
2020-06-24,481.25
2020-06-25,486.75
2020-06-26,474.0
2020-06-29,485.5
2020-06-30,490.0
2020-07-01,498.75
2020-07-02,490.0
2020-07-06,489.5
2020-07-07,492.25
2020-07-08,517.5
2020-07-09,526.25
2020-07-10,535.75
2020-07-13,524.75
2020-07-14,524.75
2020-07-15,550.75
2020-07-16,535.25
2020-07-17,534.75
2020-07-20,522.0
2020-07-21,527.75
2020-07-22,534.5
2020-07-23,529.5
2020-07-24,539.5
2020-07-27,527.75
2020-07-28,523.5
2020-07-29,532.75
2020-07-30,529.5
2020-07-31,531.25
2020-08-03,521.0
2020-08-04,508.25
2020-08-05,510.75
2020-08-06,501.25
2020-08-07,495.5
2020-08-10,491.0
2020-08-11,495.0
2020-08-12,491.25
2020-08-13,496.75
2020-08-14,500.0
2020-08-17,516.5
2020-08-18,507.5
2020-08-19,512.0
2020-08-20,519.5
2020-08-21,527.25
2020-08-24,520.75
2020-08-25,527.25
2020-08-26,532.0
2020-08-27,542.5
2020-08-28,539.25
2020-08-31,544.25
2020-09-01,555.75
2020-09-02,547.75
2020-09-03,543.25
2020-09-04,539.75
2020-09-08,533.25
2020-09-09,534.0
2020-09-10,540.0
2020-09-11,533.75
2020-09-14,548.5
2020-09-15,538.25
2020-09-16,542.0
2020-09-17,556.25
2020-09-18,575.0
2020-09-21,554.75
2020-09-22,558.0
2020-09-23,549.0
2020-09-24,549.75
2020-09-25,544.25
2020-09-28,550.25
2020-09-29,549.5
2020-09-30,578.0
2020-10-01,570.25
2020-10-02,573.25
2020-10-05,584.25
2020-10-06,592.75
2020-10-07,607.5
2020-10-08,595.25
2020-10-09,593.75
2020-10-12,594.25
2020-10-13,594.0
2020-10-14,596.75
2020-10-15,618.25
2020-10-16,625.25
2020-10-19,627.0
2020-10-20,632.0
2020-10-21,629.75
2020-10-22,622.75
2020-10-23,632.75
2020-10-26,620.0
2020-10-27,615.75
2020-10-28,608.75
2020-10-29,603.75
2020-10-30,598.5
2020-11-02,607.5
2020-11-03,608.0
2020-11-04,606.0
2020-11-05,609.25
2020-11-06,602.0
2020-11-09,597.5
2020-11-10,608.5
2020-11-11,598.0
2020-11-12,588.25
2020-11-13,593.5
2020-11-16,598.0
2020-11-17,595.25
2020-11-18,597.75
2020-11-19,591.75
2020-11-20,593.25
2020-11-23,598.75
2020-11-24,611.25
2020-11-25,588.25
2020-11-27,596.5
2020-11-30,580.25
2020-12-01,565.5
2020-12-02,578.0
2020-12-03,571.75
2020-12-04,566.5
2020-12-07,571.25
2020-12-08,563.75
2020-12-09,577.0
2020-12-10,590.25
2020-12-11,608.25
2020-12-14,593.5
2020-12-15,599.75
2020-12-16,598.5
2020-12-17,608.75
2020-12-18,608.25
2020-12-21,611.25
2020-12-22,617.0
2020-12-23,629.75
2020-12-24,627.0
2020-12-28,614.25
2020-12-29,618.5
2020-12-30,640.75
2020-12-31,640.5
2021-01-04,642.0
2021-01-05,654.0
2021-01-06,647.5
2021-01-07,642.25
2021-01-08,638.75
2021-01-11,634.75
2021-01-12,665.0
2021-01-13,660.5
2021-01-14,670.0
2021-01-15,675.5
2021-01-19,672.25
2021-01-20,667.75
2021-01-21,660.75
2021-01-22,634.5
2021-01-25,648.5
2021-01-26,665.25
2021-01-27,658.25
2021-01-28,647.0
2021-01-29,663.0
2021-02-01,651.0
2021-02-02,644.75
2021-02-03,648.25
2021-02-04,637.5
2021-02-05,641.25
2021-02-08,655.75
2021-02-09,649.5
2021-02-10,635.5
2021-02-11,633.5
2021-02-12,636.75
2021-02-16,657.5
2021-02-17,644.0
2021-02-18,662.5
2021-02-19,650.75
2021-02-22,664.0
2021-02-23,665.75
2021-02-24,680.25
2021-02-25,671.75
2021-02-26,655.0
2021-03-01,643.75
2021-03-02,663.25
2021-03-03,652.0
2021-03-04,649.75
2021-03-05,654.0
2021-03-08,646.5
2021-03-09,656.5
2021-03-10,650.75
2021-03-11,636.25
2021-03-12,631.75
2021-03-15,645.0
2021-03-16,647.0
2021-03-17,640.0
2021-03-18,630.5
2021-03-19,627.0
2021-03-22,627.25
2021-03-23,634.75
2021-03-24,624.75
2021-03-25,612.5
2021-03-26,613.25
2021-03-29,616.75
2021-03-30,601.75
2021-03-31,618.0
2021-04-01,611.0
2021-04-05,618.0
2021-04-06,615.5
2021-04-07,616.25
2021-04-08,628.75
2021-04-09,638.75
2021-04-12,628.0
2021-04-13,629.75
2021-04-14,648.0
2021-04-15,653.75
2021-04-16,652.5
2021-04-19,652.25
2021-04-20,659.75
2021-04-21,673.25
2021-04-22,710.25
2021-04-23,710.25
2021-04-26,739.5
2021-04-27,733.75
2021-04-28,725.25
2021-04-29,737.5
2021-04-30,742.5
2021-05-03,725.5
2021-05-04,737.0
2021-05-05,755.75
2021-05-06,764.25
2021-05-07,773.5
2021-05-10,742.5
2021-05-11,759.75
2021-05-12,754.75
2021-05-13,726.5
2021-05-14,727.25
2021-05-17,699.75
2021-05-18,698.0
2021-05-19,679.25
2021-05-20,675.25
2021-05-21,674.25
2021-05-24,662.25
2021-05-25,656.5
2021-05-26,648.5
2021-05-27,676.25
2021-05-28,663.5
2021-06-01,693.5
2021-06-02,687.5
2021-06-03,676.25
2021-06-04,687.75
2021-06-07,680.0
2021-06-08,685.0
2021-06-09,682.25
2021-06-10,683.75
2021-06-11,680.75
2021-06-14,674.5
2021-06-15,661.5
2021-06-16,662.75
2021-06-17,639.0
2021-06-18,662.75
2021-06-21,661.5
2021-06-22,651.0
2021-06-23,661.25
2021-06-24,651.25
2021-06-25,637.0
2021-06-28,646.0
2021-06-29,639.75
2021-06-30,671.5
2021-07-01,658.5
2021-07-02,645.75
2021-07-06,620.0
2021-07-07,614.75
2021-07-08,612.25
2021-07-09,608.5
2021-07-12,635.0
2021-07-13,628.75
2021-07-14,645.0
2021-07-15,672.0
2021-07-16,692.5
2021-07-19,697.75
2021-07-20,700.5
2021-07-21,710.75
2021-07-22,692.25
2021-07-23,684.0
2021-07-26,677.0
2021-07-27,674.5
2021-07-28,688.75
2021-07-29,705.25
2021-07-30,703.75
2021-08-02,729.5
2021-08-03,724.5
2021-08-04,717.25
2021-08-05,712.75
2021-08-06,719.0
2021-08-09,711.25
2021-08-10,727.0
2021-08-11,727.0
2021-08-12,753.5
2021-08-13,762.25
2021-08-16,760.5
2021-08-17,734.5
2021-08-18,737.25
2021-08-19,727.5
2021-08-20,714.25
2021-08-23,719.75
2021-08-24,718.0
2021-08-25,711.25
2021-08-26,725.25
2021-08-27,718.5
2021-08-30,708.75
2021-08-31,706.75
2021-09-01,701.0
2021-09-02,704.0
2021-09-03,714.5
2021-09-07,708.75
2021-09-08,698.25
2021-09-09,681.5
2021-09-10,675.0
2021-09-13,674.5
2021-09-14,685.0
2021-09-15,712.25
2021-09-16,713.0
2021-09-17,708.75
2021-09-20,700.75
2021-09-21,690.25
2021-09-22,705.75
2021-09-23,717.75
2021-09-24,723.75
2021-09-27,722.25
2021-09-28,706.5
2021-09-29,710.25
2021-09-30,725.5
2021-10-01,755.25
2021-10-04,756.5
2021-10-05,744.75
2021-10-06,746.0
2021-10-07,741.25
2021-10-08,734.0
2021-10-11,731.75
2021-10-12,734.0
2021-10-13,718.75
2021-10-14,724.75
2021-10-15,734.0
2021-10-18,736.25
2021-10-19,736.0
2021-10-20,749.25
2021-10-21,741.25
2021-10-22,756.0
2021-10-25,759.5
2021-10-26,752.25
2021-10-27,759.75
2021-10-28,772.5
2021-10-29,772.75
2021-11-01,797.25
2021-11-02,791.5
2021-11-03,781.0
2021-11-04,773.75
2021-11-05,766.5
2021-11-08,768.0
2021-11-09,778.5
2021-11-10,803.0
2021-11-11,812.5
2021-11-12,817.0
2021-11-15,826.25
2021-11-16,810.25
2021-11-17,822.25
2021-11-18,820.0
2021-11-19,823.0
2021-11-22,845.75
2021-11-23,856.0
2021-11-24,836.75
2021-11-26,825.5
2021-11-29,807.5
2021-11-30,773.75
2021-12-01,778.5
2021-12-02,806.5
2021-12-03,794.5
2021-12-06,797.0
2021-12-07,799.25
2021-12-08,791.25
2021-12-09,773.5
2021-12-10,782.0
2021-12-13,785.5
2021-12-14,785.5
2021-12-15,756.0
2021-12-16,770.5
2021-12-17,775.0
2021-12-20,777.75
2021-12-21,799.0
2021-12-22,814.0
2021-12-23,814.75
2021-12-27,804.0
2021-12-28,783.5
2021-12-29,787.75
2021-12-30,779.75
2021-12-31,770.75
2022-01-03,758.0
2022-01-04,770.0
2022-01-05,760.75
2022-01-06,746.0
2022-01-07,758.5
2022-01-10,762.0
2022-01-11,770.25
2022-01-12,757.75
2022-01-13,746.75
2022-01-14,741.5
2022-01-18,769.0
2022-01-19,796.5
2022-01-20,790.25
2022-01-21,780.0
2022-01-24,800.5
2022-01-25,818.0
2022-01-26,795.0
2022-01-27,777.0
2022-01-28,786.25
2022-01-31,761.25
2022-02-01,769.0
2022-02-02,755.0
2022-02-03,751.75
2022-02-04,763.25
2022-02-07,768.75
2022-02-08,778.75
2022-02-09,785.0
2022-02-10,771.5
2022-02-11,797.75
2022-02-14,799.25
2022-02-15,779.75
2022-02-16,780.5
2022-02-17,798.0
2022-02-18,797.0
2022-02-22,844.25
2022-02-23,876.0
2022-02-24,926.0
2022-02-25,843.0
2022-02-28,928.0
2022-03-01,1001.75
2022-03-02,1058.5
2022-03-03,1289.0
2022-03-04,1348.0
2022-03-07,1425.25
2022-03-08,1273.0
2022-03-09,1199.5
2022-03-10,1073.75
2022-03-11,1090.0
2022-03-14,1090.0
2022-03-15,1154.25
2022-03-16,1069.25
2022-03-17,1098.0
2022-03-18,1063.75
2022-03-21,1119.25
2022-03-22,1118.25
2022-03-23,1105.75
2022-03-24,1085.75
2022-03-25,1102.25
2022-03-28,1057.0
2022-03-29,1014.25
2022-03-30,1027.25
2022-03-31,1006.0
2022-04-01,984.5
2022-04-04,1010.25
2022-04-05,1045.25
2022-04-06,1038.25
2022-04-07,1020.0
2022-04-08,1051.5
2022-04-11,1081.25
2022-04-12,1103.75
2022-04-13,1113.5
2022-04-14,1096.5
2022-04-18,1120.5
2022-04-19,1099.0
2022-04-20,1088.0
2022-04-21,1068.0
2022-04-22,1065.5
2022-04-25,1062.0
2022-04-26,1083.25
2022-04-27,1080.0
2022-04-28,1074.0
2022-04-29,1043.75
2022-05-02,1043.5
2022-05-03,1033.75
2022-05-04,1066.0
2022-05-05,1096.0
2022-05-06,1097.0
2022-05-09,1083.25
2022-05-10,1083.25
2022-05-11,1108.75
2022-05-12,1174.5
2022-05-13,1167.25
2022-05-16,1247.5
2022-05-17,1277.5
2022-05-18,1230.75
2022-05-19,1200.5
2022-05-20,1168.75
2022-05-23,1190.0
2022-05-24,1154.75
2022-05-25,1148.25
2022-05-26,1143.25
2022-05-27,1157.5
2022-05-31,1087.5
2022-06-01,1041.25
2022-06-02,1058.25
2022-06-03,1040.0
2022-06-06,1093.0
2022-06-07,1071.75
2022-06-08,1074.75
2022-06-09,1071.25
2022-06-10,1070.75
2022-06-13,1071.0
2022-06-14,1050.25
2022-06-15,1050.0
2022-06-16,1078.25
2022-06-17,1034.25
2022-06-21,975.25
2022-06-22,976.5
2022-06-23,937.25
2022-06-24,923.75
2022-06-27,904.0
2022-06-28,921.25
2022-06-29,915.5
2022-06-30,868.75
2022-07-01,831.25
2022-07-05,793.75
2022-07-06,792.25
2022-07-07,824.5
2022-07-08,879.25
2022-07-11,843.75
2022-07-12,801.5
2022-07-13,798.25
2022-07-14,794.25
2022-07-15,776.75
2022-07-18,812.75
2022-07-19,812.25
2022-07-20,819.5
2022-07-21,806.25
2022-07-22,759.0
2022-07-25,770.0
2022-07-26,803.75
2022-07-27,790.25
2022-07-28,817.0
2022-07-29,807.75
2022-08-01,800.25
2022-08-02,774.75
2022-08-03,763.75
2022-08-04,782.5
2022-08-05,775.75
2022-08-08,779.75
2022-08-09,781.5
2022-08-10,799.75
2022-08-11,810.75
2022-08-12,806.0
2022-08-15,800.75
2022-08-16,786.0
2022-08-17,763.25
2022-08-18,731.5
2022-08-19,753.25
2022-08-22,770.5
2022-08-23,782.75
2022-08-24,795.0
2022-08-25,769.75
2022-08-26,784.75
2022-08-29,820.0
2022-08-30,798.25
2022-08-31,809.0
2022-09-01,775.5
2022-09-02,793.0
2022-09-06,800.0
2022-09-07,826.5
2022-09-08,810.5
2022-09-09,853.25
2022-09-12,841.25
2022-09-13,842.75
2022-09-14,853.75
2022-09-15,845.0
2022-09-16,859.75
2022-09-19,830.5
2022-09-20,893.75
2022-09-21,903.75
2022-09-22,910.75
2022-09-23,880.5
2022-09-26,858.0
2022-09-27,871.5
2022-09-28,903.25
2022-09-29,896.25
2022-09-30,921.5
2022-10-03,912.0
2022-10-04,903.0
2022-10-05,902.0
2022-10-06,879.0
2022-10-07,880.25
2022-10-10,938.0
2022-10-11,901.0
2022-10-12,882.25
2022-10-13,892.25
2022-10-14,859.75
2022-10-17,861.0
2022-10-18,849.5
2022-10-19,841.25
2022-10-20,849.25
2022-10-21,850.75
2022-10-24,838.75
2022-10-25,834.75
2022-10-26,840.5
2022-10-27,838.5
2022-10-28,829.25
2022-10-31,882.25
2022-11-01,902.5
2022-11-02,846.0
2022-11-03,840.5
2022-11-04,847.75
2022-11-07,845.75
2022-11-08,827.75
2022-11-09,806.5
2022-11-10,803.5
2022-11-11,813.75
2022-11-14,818.5
2022-11-15,828.25
2022-11-16,817.5
2022-11-17,806.75
2022-11-18,803.25
2022-11-21,799.25
2022-11-22,791.5
2022-11-23,793.5
2022-11-25,775.5
2022-11-28,756.75
2022-11-29,757.75
2022-11-30,771.5
2022-12-01,758.75
2022-12-02,737.25
2022-12-05,715.5
2022-12-06,705.5
2022-12-07,727.0
2022-12-08,724.25
2022-12-09,712.75
2022-12-12,733.0
2022-12-13,728.75
2022-12-14,728.25
2022-12-15,757.25
2022-12-16,753.5
2022-12-19,748.5
2022-12-20,750.5
2022-12-21,767.75
2022-12-22,762.25
2022-12-23,776.0
2022-12-27,774.5
2022-12-28,785.5
2022-12-29,774.0
2022-12-30,792.0
2023-01-03,775.5
2023-01-04,745.5
2023-01-05,746.75
2023-01-06,743.5
2023-01-09,741.5
2023-01-10,731.0
2023-01-11,740.0
2023-01-12,742.75
2023-01-13,743.75
2023-01-17,751.75
2023-01-18,742.5
2023-01-19,734.5
2023-01-20,741.5
2023-01-23,720.0
2023-01-24,734.5
2023-01-25,741.25
2023-01-26,752.5
2023-01-27,750.0
2023-01-30,752.5
2023-01-31,761.25
2023-02-01,759.75
2023-02-02,761.0
2023-02-03,756.75
2023-02-06,750.25
2023-02-07,749.75
2023-02-08,764.75
2023-02-09,757.25
2023-02-10,786.0
2023-02-13,792.0
2023-02-14,786.0
2023-02-15,769.25
2023-02-16,765.0
2023-02-17,765.5
2023-02-21,750.5
2023-02-22,736.5
2023-02-23,738.25
2023-02-24,708.25
2023-02-27,696.0
2023-02-28,691.5
2023-03-01,697.0
2023-03-02,701.25
2023-03-03,695.75
2023-03-06,682.5
2023-03-07,684.75
2023-03-08,674.5
2023-03-09,653.5
2023-03-10,666.75
2023-03-13,672.25
2023-03-14,686.5
2023-03-15,702.75
2023-03-16,699.0
2023-03-17,710.5
2023-03-20,700.75
2023-03-21,683.25
2023-03-22,663.5
2023-03-23,662.0
2023-03-24,688.5
2023-03-27,698.0
2023-03-28,699.75
2023-03-29,704.75
2023-03-30,692.25
2023-03-31,692.25
2023-04-03,693.5
2023-04-04,691.5
2023-04-05,682.0
2023-04-06,675.5
2023-04-10,678.5
2023-04-11,674.0
2023-04-12,679.5
2023-04-13,667.0
2023-04-14,682.5
2023-04-17,696.5
2023-04-18,698.0
2023-04-19,681.75
2023-04-20,667.75
2023-04-21,661.75
2023-04-24,643.5
2023-04-25,638.75
2023-04-26,627.25
2023-04-27,614.75
2023-04-28,619.75
2023-05-01,603.75
2023-05-02,595.5
2023-05-03,626.25
2023-05-04,631.5
2023-05-05,647.0
2023-05-08,641.0
2023-05-09,630.5
2023-05-10,628.25
2023-05-11,614.25
2023-05-12,624.5
2023-05-15,660.75
2023-05-16,647.5
2023-05-17,625.5
2023-05-18,611.75
2023-05-19,605.0
2023-05-22,606.25
2023-05-23,622.25
2023-05-24,606.25
2023-05-25,604.25
2023-05-26,616.0
2023-05-30,591.0
2023-05-31,594.25
2023-06-01,610.75
2023-06-02,619.0
2023-06-05,624.0
2023-06-06,627.75
2023-06-07,616.75
2023-06-08,626.25
2023-06-09,630.25
2023-06-12,633.75
2023-06-13,636.25
2023-06-14,630.25
2023-06-15,661.5
2023-06-16,688.0
2023-06-20,695.75
2023-06-21,734.5
2023-06-22,739.0
2023-06-23,733.25
2023-06-26,724.25
2023-06-27,685.0
2023-06-28,655.75
2023-06-29,653.0
2023-06-30,636.25
2023-07-03,628.5
2023-07-05,662.0
2023-07-06,647.0
2023-07-07,639.5
2023-07-10,636.25
2023-07-11,649.5
2023-07-12,621.25
2023-07-13,627.5
2023-07-14,641.5
2023-07-17,653.75
2023-07-18,670.75
2023-07-19,727.75
2023-07-20,727.0
2023-07-21,697.5
2023-07-24,757.5
2023-07-25,760.25
2023-07-26,720.0
2023-07-27,712.75
2023-07-28,704.25
2023-07-31,665.75
2023-08-01,652.25
2023-08-02,640.0
2023-08-03,627.0
2023-08-04,633.0
2023-08-07,657.5
2023-08-08,656.25
2023-08-09,635.0
2023-08-10,637.75
2023-08-11,626.75
2023-08-14,616.0
2023-08-15,598.5
2023-08-16,597.75
2023-08-17,589.5
2023-08-18,613.25
2023-08-21,599.25
2023-08-22,601.75
2023-08-23,612.5
2023-08-24,604.0
2023-08-25,593.25
2023-08-28,588.0
2023-08-29,569.75
2023-08-30,576.75
2023-08-31,573.0
2023-09-01,567.5
2023-09-05,572.5
2023-09-06,581.0
2023-09-07,571.5
2023-09-08,567.25
2023-09-11,556.0
2023-09-12,560.25
2023-09-13,569.0
2023-09-14,567.5
2023-09-15,604.25
2023-09-18,591.25
2023-09-19,584.0
2023-09-20,588.75
2023-09-21,575.75
2023-09-22,579.5
2023-09-25,589.0
2023-09-26,589.0
2023-09-27,579.5
2023-09-28,578.75
2023-09-29,541.5
2023-10-02,564.75
2023-10-03,568.5
2023-10-04,560.0
2023-10-05,578.25
2023-10-06,568.25
2023-10-09,572.75
2023-10-10,558.5
2023-10-11,556.0
2023-10-12,571.5
2023-10-13,579.75
2023-10-16,577.25
2023-10-17,570.5
2023-10-18,580.25
2023-10-19,594.0
2023-10-20,586.0
2023-10-23,587.25
2023-10-24,580.5
2023-10-25,568.5
2023-10-26,579.5
2023-10-27,575.5
2023-10-30,566.0
2023-10-31,556.25
2023-11-01,561.75
2023-11-02,565.5
2023-11-03,572.5
2023-11-06,575.75
2023-11-07,570.25
2023-11-08,592.25
2023-11-09,580.75
2023-11-10,575.25
2023-11-13,579.0
2023-11-14,572.0
2023-11-15,560.5
2023-11-16,553.5
2023-11-17,550.75
2023-11-20,543.5
2023-11-21,555.0
2023-11-22,555.75
2023-11-24,548.75
2023-11-27,534.25
2023-11-28,543.75
2023-11-29,556.0
2023-11-30,570.25
2023-12-01,577.0
2023-12-04,595.75
2023-12-05,620.75
2023-12-06,615.75
2023-12-07,626.0
2023-12-08,615.0
2023-12-11,591.25
2023-12-12,607.0
2023-12-13,585.25
2023-12-14,594.0
2023-12-15,629.25
2023-12-18,617.0
2023-12-19,622.75
2023-12-20,610.0
2023-12-21,612.5
2023-12-22,616.25
2023-12-26,636.25
2023-12-27,623.0
2023-12-28,631.5
2023-12-29,628.0
2024-01-02,606.75
2024-01-03,600.25
2024-01-04,613.5
2024-01-05,616.0
2024-01-08,596.25
2024-01-09,610.0
2024-01-10,610.75
2024-01-11,603.75
2024-01-12,596.0
2024-01-16,582.0
2024-01-17,582.5
2024-01-18,585.5
2024-01-19,593.25
2024-01-22,596.5
2024-01-23,596.5
2024-01-24,610.75
2024-01-25,612.25
2024-01-26,600.25
2024-01-29,593.5
2024-01-30,605.5
2024-01-31,595.25
2024-02-01,601.5
2024-02-02,599.75
2024-02-05,590.25
2024-02-06,595.0
2024-02-07,602.0
2024-02-08,588.5
2024-02-09,596.75
2024-02-12,597.5
2024-02-13,597.5
2024-02-14,585.5
2024-02-15,567.0
2024-02-16,560.5
2024-02-20,582.75
2024-02-21,583.25
2024-02-22,583.25
2024-02-23,573.5
2024-02-26,577.25
2024-02-27,586.0
2024-02-28,571.0
2024-02-29,577.5
2024-03-01,560.0
2024-03-04,563.5
2024-03-05,545.75
2024-03-06,521.25
2024-03-07,520.75
2024-03-08,526.75
2024-03-11,537.5
2024-03-12,535.5
2024-03-13,532.25
2024-03-14,519.5
2024-03-15,528.5
2024-03-18,542.75
2024-03-19,552.5
2024-03-20,545.0
2024-03-21,546.75
2024-03-22,554.75
2024-03-25,555.0
2024-03-26,543.5
2024-03-27,547.5
2024-03-28,560.25
2024-04-01,557.0
2024-04-02,545.25
2024-04-03,556.0
2024-04-04,556.25
2024-04-05,567.25
2024-04-08,565.75
2024-04-09,557.75
2024-04-10,558.5
2024-04-11,551.75
2024-04-12,556.0
2024-04-15,551.75
2024-04-16,549.75
2024-04-17,537.0
2024-04-18,536.75
2024-04-19,550.25
2024-04-22,570.25
2024-04-23,585.0
2024-04-24,594.5
2024-04-25,602.25
2024-04-26,603.25
2024-04-29,590.25
2024-04-30,585.0
2024-05-01,581.5
2024-05-02,586.5
2024-05-03,606.0
2024-05-06,632.25
2024-05-07,624.75
2024-05-08,616.0
2024-05-09,619.75
2024-05-10,645.75
2024-05-13,670.25
2024-05-14,657.0
2024-05-15,665.75
2024-05-16,663.25
2024-05-17,651.25
2024-05-20,688.75
2024-05-21,697.5
2024-05-22,693.0
2024-05-23,698.0
2024-05-24,697.25
2024-05-28,700.25
2024-05-29,692.75
2024-05-30,681.0
2024-05-31,678.5
2024-06-03,672.75
2024-06-04,658.25
2024-06-05,646.75
2024-06-06,639.5
2024-06-07,627.5
2024-06-10,607.5
2024-06-11,626.5
2024-06-12,617.0
2024-06-13,620.0
2024-06-14,612.75
2024-06-17,591.5
2024-06-18,582.0
2024-06-20,572.75
2024-06-21,561.5
2024-06-24,552.5
2024-06-25,541.75
2024-06-26,541.25
2024-06-27,559.75
2024-06-28,553.5
2024-07-01,569.25
2024-07-02,561.5
2024-07-03,554.5
2024-07-05,572.25
2024-07-08,553.0
2024-07-09,554.25
2024-07-10,543.5
2024-07-11,554.25
2024-07-12,538.0
2024-07-15,532.5
2024-07-16,530.75
2024-07-17,539.25
2024-07-18,535.25
2024-07-19,542.75
2024-07-22,548.0
2024-07-23,542.75
2024-07-24,547.0
2024-07-25,537.75
2024-07-26,523.5
2024-07-29,531.0
2024-07-30,524.0
2024-07-31,527.25
2024-08-01,532.0
2024-08-02,539.0
2024-08-05,539.5
2024-08-06,543.25
2024-08-07,538.25
2024-08-08,537.5
2024-08-09,542.5
2024-08-12,536.75
2024-08-13,528.75
2024-08-14,534.75
2024-08-15,528.25
2024-08-16,530.0
2024-08-19,528.25
2024-08-20,533.0
2024-08-21,519.75
2024-08-22,511.0
2024-08-23,502.25
2024-08-26,498.0
2024-08-27,508.25
2024-08-28,514.25
2024-08-29,525.0
2024-08-30,532.75
2024-09-03,552.0
2024-09-04,565.25
2024-09-05,561.0
2024-09-06,553.25
2024-09-09,555.5
2024-09-10,558.75
2024-09-11,563.75
2024-09-12,563.0
2024-09-13,571.25
2024-09-16,578.5
2024-09-17,575.75
2024-09-18,575.75
2024-09-19,565.5
2024-09-20,568.5
2024-09-23,582.5
2024-09-24,578.0
2024-09-25,589.25
2024-09-26,584.25
2024-09-27,580.0
2024-09-30,584.0
2024-10-01,599.0
2024-10-02,615.25
2024-10-03,603.5
2024-10-04,589.75
2024-10-07,592.5
2024-10-08,594.75
2024-10-09,599.0
2024-10-10,603.75
2024-10-11,599.0
2024-10-14,585.25
2024-10-15,579.5
2024-10-16,585.0
2024-10-17,589.5
2024-10-18,572.75
2024-10-21,572.25
2024-10-22,576.0
2024-10-23,578.5
2024-10-24,581.5
2024-10-25,569.0
2024-10-28,558.75
2024-10-29,570.5
2024-10-30,573.25
2024-10-31,570.5
2024-11-01,568.0
2024-11-04,568.75
2024-11-05,572.5
2024-11-06,573.25
2024-11-07,571.5
2024-11-08,572.5
2024-11-11,565.5
2024-11-12,552.25
2024-11-13,541.0
2024-11-14,530.25
2024-11-15,536.5
2024-11-18,547.25
2024-11-19,549.75
2024-11-20,552.5
2024-11-21,548.75
2024-11-22,544.25
2024-11-25,535.75
2024-11-26,539.5
2024-11-27,537.75
2024-11-29,532.25
2024-12-02,537.5
2024-12-03,536.75
2024-12-04,538.0
2024-12-05,546.75
2024-12-06,542.5
2024-12-09,541.25
2024-12-10,542.0
2024-12-11,543.5
2024-12-12,538.75
2024-12-13,526.5
2024-12-16,550.0
2024-12-17,545.0
2024-12-18,541.25
2024-12-19,533.0
2024-12-20,533.0
2024-12-23,540.5
2024-12-24,534.75
2024-12-26,541.0
2024-12-27,546.5
2024-12-30,548.25
2024-12-31,551.5
2025-01-02,545.75
2025-01-03,529.25
2025-01-06,540.5
2025-01-07,542.5
2025-01-08,536.25
2025-01-09,534.0
2025-01-10,530.75
2025-01-13,545.0
2025-01-14,546.25
2025-01-15,547.0
2025-01-16,537.5
2025-01-17,538.75
2025-01-21,558.75
2025-01-22,554.0
2025-01-23,554.0
2025-01-24,544.0
2025-01-27,535.5
2025-01-28,545.25
2025-01-29,562.5
2025-01-30,566.5
2025-01-31,559.5
2025-02-03,566.75
2025-02-04,577.0
2025-02-05,572.25
2025-02-06,587.75
2025-02-07,582.75
2025-02-10,579.5
2025-02-11,577.0
2025-02-12,574.25
2025-02-13,577.75
2025-02-14,600.0
2025-02-18,604.75
2025-02-19,592.0
2025-02-20,585.5
2025-02-21,590.0
2025-02-24,579.0
2025-02-25,572.75
2025-02-26,566.0
2025-02-27,546.75
2025-02-28,537.0
2025-03-03,532.0
2025-03-04,518.5
2025-03-05,530.75
2025-03-06,537.0
2025-03-07,533.75
2025-03-10,545.25
2025-03-11,541.0
2025-03-12,538.75
2025-03-13,547.25
2025-03-14,545.75
2025-03-17,568.5
2025-03-18,565.0
2025-03-19,563.5
2025-03-20,557.25
2025-03-21,558.25
2025-03-24,548.25
2025-03-25,543.25
2025-03-26,535.25
2025-03-27,532.0
2025-03-28,528.25
2025-03-31,537.0
2025-04-01,540.5
2025-04-02,539.25
2025-04-03,536.0
2025-04-04,529.0
2025-04-07,536.5
2025-04-08,540.0
2025-04-09,542.25
2025-04-10,538.0
2025-04-11,555.75
2025-04-14,547.5
2025-04-15,542.0
2025-04-16,547.75
2025-04-17,548.75
2025-04-21,538.5
2025-04-22,535.5
2025-04-23,528.25
2025-04-24,529.25
2025-04-25,530.0
2025-04-28,515.5
2025-04-29,505.75
2025-04-30,513.0
2025-05-01,515.25
2025-05-02,526.5
2025-05-05,514.25
2025-05-06,519.0
2025-05-07,518.0
2025-05-08,513.0
2025-05-09,505.5
2025-05-12,499.0
2025-05-13,501.5
2025-05-14,508.75
2025-05-15,532.75
2025-05-16,525.0
2025-05-19,529.0
2025-05-20,546.0
2025-05-21,549.25
2025-05-22,544.5
2025-05-23,542.5
2025-05-27,528.5
2025-05-28,530.25
2025-05-29,534.0
2025-05-30,534.0
2025-06-02,539.0
2025-06-03,536.0
2025-06-04,543.25
2025-06-05,545.5
2025-06-06,554.75
2025-06-09,542.0
2025-06-10,534.5
2025-06-11,534.25
2025-06-12,526.5
2025-06-13,543.75
2025-06-16,536.5
2025-06-17,549.0
2025-06-18,574.25
2025-06-20,567.75
2025-06-23,552.75
2025-06-24,535.75
2025-06-25,528.25
2025-06-26,521.0
2025-06-27,524.75
2025-06-30,528.75
2025-07-01,537.25
2025-07-02,556.0
2025-07-03,547.75
2025-07-07,539.75
2025-07-08,543.0
2025-07-09,542.75
2025-07-10,550.25
2025-07-11,540.75
2025-07-14,534.0
2025-07-15,538.0
2025-07-16,541.25
2025-07-17,533.5
2025-07-18,546.25
2025-07-21,542.25
2025-07-22,549.5
2025-07-23,540.5
2025-07-24,541.5
2025-07-25,538.25
2025-07-28,538.5
2025-07-29,529.75
2025-07-30,523.75
2025-07-31,523.25
2025-08-01,516.75
2025-08-04,516.75
2025-08-05,508.25
2025-08-06,508.5
2025-08-07,518.25
2025-08-08,514.5
2025-08-11,515.0
2025-08-12,505.0
2025-08-13,507.25
2025-08-14,503.5
2025-08-15,506.5
2025-08-18,502.75
2025-08-19,498.5
2025-08-20,505.5
2025-08-21,507.0
2025-08-22,504.75
2025-08-25,506.75
2025-08-26,509.5
2025-08-27,502.25
2025-08-28,510.25
2025-08-29,518.0
2025-09-02,513.0
2025-09-03,504.0
2025-09-04,502.25
2025-09-05,501.0
2025-09-08,505.5
2025-09-09,500.75
2025-09-10,495.0
2025-09-11,503.0
2025-09-12,503.0
2025-09-15,525.0
2025-09-16,534.0
2025-09-17,528.25
2025-09-18,524.25
2025-09-19,522.5
2025-09-22,510.75
2025-09-23,520.5
2025-09-24,519.5
2025-09-25,527.0
2025-09-26,519.75
2025-09-29,519.5
2025-09-30,508.0
2025-10-01,509.25
2025-10-02,514.75
2025-10-03,515.25
2025-10-06,512.75
2025-10-07,506.75
2025-10-08,507.25
2025-10-09,506.5
2025-10-10,498.5
2025-10-13,496.75
2025-10-14,500.25
2025-10-15,498.75
2025-10-16,502.5
2025-10-17,503.75
2025-10-20,504.75
2025-10-21,500.25
2025-10-22,503.75
2025-10-23,513.0
2025-10-24,512.5
2025-10-27,526.0
2025-10-28,529.0
2025-10-29,532.25
2025-10-30,524.25
2025-10-31,534.0
2025-11-03,543.5
2025-11-04,550.25
2025-11-05,554.75
2025-11-06,535.5
2025-11-07,527.75
2025-11-10,535.75
2025-11-11,536.0
2025-11-12,536.0
2025-11-13,535.75
2025-11-14,527.25
2025-11-17,544.25
2025-11-18,546.5
2025-11-19,536.75
2025-11-20,527.0
2025-11-21,527.0
2025-11-24,522.25
2025-11-25,527.25
2025-11-26,529.0
2025-11-28,531.0
2025-12-01,530.25
2025-12-02,537.75
2025-12-03,537.75
2025-12-04,541.0
2025-12-05,537.5
2025-12-08,536.0
2025-12-09,536.25
2025-12-10,531.25
2025-12-11,534.5
2025-12-12,534.5
2025-12-15,520.75
2025-12-16,509.5
2025-12-17,506.25
2025-12-18,507.75
2025-12-19,509.75
2025-12-22,515.5
2025-12-23,517.0
2025-12-24,521.75
2025-12-26,519.0
2025-12-29,513.0
2025-12-30,510.75
2025-12-31,507.0
2026-01-02,506.5
2026-01-05,512.5
2026-01-06,510.5
2026-01-07,518.0
2026-01-08,518.0
2026-01-09,517.25
2026-01-12,511.25
2026-01-13,510.5
2026-01-14,512.5
2026-01-15,510.5
2026-01-16,518.0
2026-01-20,510.25
2026-01-21,507.75
2026-01-22,515.5
2026-01-23,529.5
2026-01-26,522.5
2026-01-27,523.25
2026-01-28,536.0
2026-01-29,541.5
2026-01-30,538.0
2026-02-02,527.75
2026-02-03,528.75
2026-02-04,526.75
2026-02-05,535.25
2026-02-06,529.75
2026-02-09,528.75
2026-02-10,528.25
2026-02-11,537.25
2026-02-12,552.5
2026-02-13,548.75
2026-02-17,537.75
2026-02-18,547.0
2026-02-19,559.5
2026-02-20,573.5
2026-02-23,569.5
2026-02-24,567.5
2026-02-25,565.75
2026-02-26,571.75
2026-02-27,591.25
2026-03-02,574.5
2026-03-03,572.25
2026-03-04,566.75
2026-03-05,582.75
2026-03-06,611.25
2026-03-09,598.0
2026-03-10,584.75
2026-03-11,588.5
2026-03-12,592.25
2026-03-13,618.5
2026-03-16,597.25
2026-03-17,589.75
2026-03-18,604.25
2026-03-19,608.0
2026-03-20,595.25
2026-03-23,587.75
2026-03-24,590.0
2026-03-25,597.75
2026-03-26,605.0
2026-03-27,605.0
2026-03-30,607.0
2026-03-31,616.25
2026-04-01,597.5
2026-04-02,598.25
2026-04-06,595.25
2026-04-07,598.0
2026-04-08,580.25
2026-04-09,574.5
2026-04-10,571.0
2026-04-13,582.25
2026-04-14,592.0
2026-04-15,593.75
2026-04-16,598.5
2026-04-17,591.25
2026-04-20,597.0
2026-04-21,605.0
2026-04-22,599.25
2026-04-23,610.75
2026-04-24,608.25
2026-04-27,621.5
2026-04-28,649.0
2026-04-29,642.25
2026-04-30,623.75
2026-05-01,624.5
2026-05-04,629.5
2026-05-05,616.5
2026-05-06,606.0
2026-05-07,601.75
2026-05-08,607.5
2026-05-11,622.25
2026-05-12,665.0
2026-05-13,665.0
2026-05-14,647.0
2026-05-15,635.75
2026-05-18,664.5
2026-05-19,667.25
2026-05-20,660.5
2026-05-21,647.5
2026-05-22,646.25
2026-05-26,635.5
2026-05-27,622.5
2026-05-28,624.0
2026-05-29,610.5
2026-06-01,608.75
2026-06-02,603.0
2026-06-03,587.25
2026-06-04,581.75
2026-06-05,580.0
2026-06-08,583.25
2026-06-09,585.25
2026-06-10,587.5
2026-06-11,586.75
2026-06-12,584.5
2026-06-15,589.75
2026-06-16,596.0
2026-06-17,612.75
2026-06-18,605.75
2026-06-22,597.5
2026-06-23,586.75
2026-06-24,585.75
2026-06-25,591.0
2026-06-26,578.25
2026-06-29,569.5
2026-06-30,580.75
2026-07-01,592.0
2026-07-02,590.5
2026-07-06,606.0
2026-07-07,609.25
2026-07-08,599.5
2026-07-09,611.25
2026-07-10,632.0
2026-07-13,627.0
2026-07-14,631.25
2026-07-15,677.5
2026-07-16,674.75
2026-07-17,682.75
2026-07-20,674.0
2026-07-21,678.0
2026-07-22,705.75
2026-07-23,696.25
2026-07-24,678.0
2026-07-27,660.0
2026-07-28,662.5
2026-07-29,660.75
2026-07-30,663.5
2026-07-31,639.25
2026-08-03,651.0
2026-08-04,638.5
2026-08-05,642.25
2026-08-06,631.25
2026-08-07,639.75
2026-08-10,640.5
2026-08-11,630.25
2026-08-12,652.75
2026-08-13,652.75
2026-08-14,674.75
2026-08-17,674.75
2026-08-18,664.5
2026-08-19,680.25
2026-08-20,682.75
2026-08-21,681.5
2026-08-24,681.75
2026-08-25,685.5
2026-08-26,730.5
2026-08-27,742.75
2026-08-28,767.0
2026-08-31,756.5
2026-09-01,764.0
2026-09-02,754.75
2026-09-03,736.0
2026-09-04,716.0
2026-09-08,730.25
2026-09-09,711.25
2026-09-10,723.25
2026-09-11,707.0
