date,known_as_of_date,price_usd_per_kg,commodity,source,period_label
1960-01-01,1960-02-01,0.9409,coffee_arabica,world_bank_pink_sheet,1960M01
1960-02-01,1960-03-01,0.9469,coffee_arabica,world_bank_pink_sheet,1960M02
1960-03-01,1960-04-01,0.9281,coffee_arabica,world_bank_pink_sheet,1960M03
1960-04-01,1960-05-01,0.9303,coffee_arabica,world_bank_pink_sheet,1960M04
1960-05-01,1960-06-01,0.92,coffee_arabica,world_bank_pink_sheet,1960M05
1960-06-01,1960-07-01,0.9123,coffee_arabica,world_bank_pink_sheet,1960M06
1960-07-01,1960-08-01,0.916,coffee_arabica,world_bank_pink_sheet,1960M07
1960-08-01,1960-09-01,0.9292,coffee_arabica,world_bank_pink_sheet,1960M08
1960-09-01,1960-10-01,0.9226,coffee_arabica,world_bank_pink_sheet,1960M09
1960-10-01,1960-11-01,0.9237,coffee_arabica,world_bank_pink_sheet,1960M10
1960-11-01,1960-12-01,0.9116,coffee_arabica,world_bank_pink_sheet,1960M11
1960-12-01,1961-01-01,0.9006,coffee_arabica,world_bank_pink_sheet,1960M12
1961-01-01,1961-02-01,0.9145,coffee_arabica,world_bank_pink_sheet,1961M01
1961-02-01,1961-03-01,0.9167,coffee_arabica,world_bank_pink_sheet,1961M02
1961-03-01,1961-04-01,0.9105,coffee_arabica,world_bank_pink_sheet,1961M03
1961-04-01,1961-05-01,0.9017,coffee_arabica,world_bank_pink_sheet,1961M04
1961-05-01,1961-06-01,0.8929,coffee_arabica,world_bank_pink_sheet,1961M05
1961-06-01,1961-07-01,0.8891,coffee_arabica,world_bank_pink_sheet,1961M06
1961-07-01,1961-08-01,0.8929,coffee_arabica,world_bank_pink_sheet,1961M07
1961-08-01,1961-09-01,0.8935,coffee_arabica,world_bank_pink_sheet,1961M08
1961-09-01,1961-10-01,0.8891,coffee_arabica,world_bank_pink_sheet,1961M09
1961-10-01,1961-11-01,0.8852,coffee_arabica,world_bank_pink_sheet,1961M10
1961-11-01,1961-12-01,0.883,coffee_arabica,world_bank_pink_sheet,1961M11
1961-12-01,1962-01-01,0.8774,coffee_arabica,world_bank_pink_sheet,1961M12
1962-01-01,1962-02-01,0.8774,coffee_arabica,world_bank_pink_sheet,1962M01
1962-02-01,1962-03-01,0.877,coffee_arabica,world_bank_pink_sheet,1962M02
1962-03-01,1962-04-01,0.8609,coffee_arabica,world_bank_pink_sheet,1962M03
1962-04-01,1962-05-01,0.8466,coffee_arabica,world_bank_pink_sheet,1962M04
1962-05-01,1962-06-01,0.8256,coffee_arabica,world_bank_pink_sheet,1962M05
1962-06-01,1962-07-01,0.8047,coffee_arabica,world_bank_pink_sheet,1962M06
1962-07-01,1962-08-01,0.8131,coffee_arabica,world_bank_pink_sheet,1962M07
1962-08-01,1962-09-01,0.819,coffee_arabica,world_bank_pink_sheet,1962M08
1962-09-01,1962-10-01,0.8256,coffee_arabica,world_bank_pink_sheet,1962M09
1962-10-01,1962-11-01,0.8109,coffee_arabica,world_bank_pink_sheet,1962M10
1962-11-01,1962-12-01,0.8124,coffee_arabica,world_bank_pink_sheet,1962M11
1962-12-01,1963-01-01,0.8179,coffee_arabica,world_bank_pink_sheet,1962M12
1963-01-01,1963-02-01,0.8267,coffee_arabica,world_bank_pink_sheet,1963M01
1963-02-01,1963-03-01,0.8031,coffee_arabica,world_bank_pink_sheet,1963M02
1963-03-01,1963-04-01,0.8109,coffee_arabica,world_bank_pink_sheet,1963M03
1963-04-01,1963-05-01,0.808,coffee_arabica,world_bank_pink_sheet,1963M04
1963-05-01,1963-06-01,0.797,coffee_arabica,world_bank_pink_sheet,1963M05
1963-06-01,1963-07-01,0.7992,coffee_arabica,world_bank_pink_sheet,1963M06
1963-07-01,1963-08-01,0.8064,coffee_arabica,world_bank_pink_sheet,1963M07
1963-08-01,1963-09-01,0.8047,coffee_arabica,world_bank_pink_sheet,1963M08
1963-09-01,1963-10-01,0.802,coffee_arabica,world_bank_pink_sheet,1963M09
1963-10-01,1963-11-01,0.8042,coffee_arabica,world_bank_pink_sheet,1963M10
1963-11-01,1963-12-01,0.8069,coffee_arabica,world_bank_pink_sheet,1963M11
1963-12-01,1964-01-01,0.7998,coffee_arabica,world_bank_pink_sheet,1963M12
1964-01-01,1964-02-01,0.9259,coffee_arabica,world_bank_pink_sheet,1964M01
1964-02-01,1964-03-01,0.9414,coffee_arabica,world_bank_pink_sheet,1964M02
1964-03-01,1964-04-01,1.0351,coffee_arabica,world_bank_pink_sheet,1964M03
1964-04-01,1964-05-01,1.0042,coffee_arabica,world_bank_pink_sheet,1964M04
1964-05-01,1964-06-01,1.0203,coffee_arabica,world_bank_pink_sheet,1964M05
1964-06-01,1964-07-01,1.0053,coffee_arabica,world_bank_pink_sheet,1964M06
1964-07-01,1964-08-01,1.0214,coffee_arabica,world_bank_pink_sheet,1964M07
1964-08-01,1964-09-01,1.049,coffee_arabica,world_bank_pink_sheet,1964M08
1964-09-01,1964-10-01,1.0373,coffee_arabica,world_bank_pink_sheet,1964M09
1964-10-01,1964-11-01,1.0379,coffee_arabica,world_bank_pink_sheet,1964M10
1964-11-01,1964-12-01,1.034,coffee_arabica,world_bank_pink_sheet,1964M11
1964-12-01,1965-01-01,1.0053,coffee_arabica,world_bank_pink_sheet,1964M12
1965-01-01,1965-02-01,1.0119,coffee_arabica,world_bank_pink_sheet,1965M01
1965-02-01,1965-03-01,1.0384,coffee_arabica,world_bank_pink_sheet,1965M02
1965-03-01,1965-04-01,0.9899,coffee_arabica,world_bank_pink_sheet,1965M03
1965-04-01,1965-05-01,0.9744,coffee_arabica,world_bank_pink_sheet,1965M04
1965-05-01,1965-06-01,0.9612,coffee_arabica,world_bank_pink_sheet,1965M05
1965-06-01,1965-07-01,0.9811,coffee_arabica,world_bank_pink_sheet,1965M06
1965-07-01,1965-08-01,0.9811,coffee_arabica,world_bank_pink_sheet,1965M07
1965-08-01,1965-09-01,1.0009,coffee_arabica,world_bank_pink_sheet,1965M08
1965-09-01,1965-10-01,0.9987,coffee_arabica,world_bank_pink_sheet,1965M09
1965-10-01,1965-11-01,1.0097,coffee_arabica,world_bank_pink_sheet,1965M10
1965-11-01,1965-12-01,1.0251,coffee_arabica,world_bank_pink_sheet,1965M11
1965-12-01,1966-01-01,1.0318,coffee_arabica,world_bank_pink_sheet,1965M12
1966-01-01,1966-02-01,1.0119,coffee_arabica,world_bank_pink_sheet,1966M01
1966-02-01,1966-03-01,0.9722,coffee_arabica,world_bank_pink_sheet,1966M02
1966-03-01,1966-04-01,0.9546,coffee_arabica,world_bank_pink_sheet,1966M03
1966-04-01,1966-05-01,0.9546,coffee_arabica,world_bank_pink_sheet,1966M04
1966-05-01,1966-06-01,0.9458,coffee_arabica,world_bank_pink_sheet,1966M05
1966-06-01,1966-07-01,0.9237,coffee_arabica,world_bank_pink_sheet,1966M06
1966-07-01,1966-08-01,0.9171,coffee_arabica,world_bank_pink_sheet,1966M07
1966-08-01,1966-09-01,0.9171,coffee_arabica,world_bank_pink_sheet,1966M08
1966-09-01,1966-10-01,0.8995,coffee_arabica,world_bank_pink_sheet,1966M09
1966-10-01,1966-11-01,0.8885,coffee_arabica,world_bank_pink_sheet,1966M10
1966-11-01,1966-12-01,0.8869,coffee_arabica,world_bank_pink_sheet,1966M11
1966-12-01,1967-01-01,0.8728,coffee_arabica,world_bank_pink_sheet,1966M12
1967-01-01,1967-02-01,0.8501,coffee_arabica,world_bank_pink_sheet,1967M01
1967-02-01,1967-03-01,0.8441,coffee_arabica,world_bank_pink_sheet,1967M02
1967-03-01,1967-04-01,0.8228,coffee_arabica,world_bank_pink_sheet,1967M03
1967-04-01,1967-05-01,0.8508,coffee_arabica,world_bank_pink_sheet,1967M04
1967-05-01,1967-06-01,0.8891,coffee_arabica,world_bank_pink_sheet,1967M05
1967-06-01,1967-07-01,0.9092,coffee_arabica,world_bank_pink_sheet,1967M06
1967-07-01,1967-08-01,0.9026,coffee_arabica,world_bank_pink_sheet,1967M07
1967-08-01,1967-09-01,0.8761,coffee_arabica,world_bank_pink_sheet,1967M08
1967-09-01,1967-10-01,0.8607,coffee_arabica,world_bank_pink_sheet,1967M09
1967-10-01,1967-11-01,0.8472,coffee_arabica,world_bank_pink_sheet,1967M10
1967-11-01,1967-12-01,0.8666,coffee_arabica,world_bank_pink_sheet,1967M11
1967-12-01,1968-01-01,0.8512,coffee_arabica,world_bank_pink_sheet,1967M12
1968-01-01,1968-02-01,0.866,coffee_arabica,world_bank_pink_sheet,1968M01
1968-02-01,1968-03-01,0.8691,coffee_arabica,world_bank_pink_sheet,1968M02
1968-03-01,1968-04-01,0.8821,coffee_arabica,world_bank_pink_sheet,1968M03
1968-04-01,1968-05-01,0.886,coffee_arabica,world_bank_pink_sheet,1968M04
1968-05-01,1968-06-01,0.8816,coffee_arabica,world_bank_pink_sheet,1968M05
1968-06-01,1968-07-01,0.888,coffee_arabica,world_bank_pink_sheet,1968M06
1968-07-01,1968-08-01,0.8814,coffee_arabica,world_bank_pink_sheet,1968M07
1968-08-01,1968-09-01,0.8662,coffee_arabica,world_bank_pink_sheet,1968M08
1968-09-01,1968-10-01,0.8538,coffee_arabica,world_bank_pink_sheet,1968M09
1968-10-01,1968-11-01,0.8545,coffee_arabica,world_bank_pink_sheet,1968M10
1968-11-01,1968-12-01,0.8486,coffee_arabica,world_bank_pink_sheet,1968M11
1968-12-01,1969-01-01,0.8267,coffee_arabica,world_bank_pink_sheet,1968M12
1969-01-01,1969-02-01,0.8261,coffee_arabica,world_bank_pink_sheet,1969M01
1969-02-01,1969-03-01,0.8419,coffee_arabica,world_bank_pink_sheet,1969M02
1969-03-01,1969-04-01,0.8294,coffee_arabica,world_bank_pink_sheet,1969M03
1969-04-01,1969-05-01,0.8135,coffee_arabica,world_bank_pink_sheet,1969M04
1969-05-01,1969-06-01,0.8093,coffee_arabica,world_bank_pink_sheet,1969M05
1969-06-01,1969-07-01,0.795,coffee_arabica,world_bank_pink_sheet,1969M06
1969-07-01,1969-08-01,0.7776,coffee_arabica,world_bank_pink_sheet,1969M07
1969-08-01,1969-09-01,0.8126,coffee_arabica,world_bank_pink_sheet,1969M08
1969-09-01,1969-10-01,0.9026,coffee_arabica,world_bank_pink_sheet,1969M09
1969-10-01,1969-11-01,1.0401,coffee_arabica,world_bank_pink_sheet,1969M10
1969-11-01,1969-12-01,1.0247,coffee_arabica,world_bank_pink_sheet,1969M11
1969-12-01,1970-01-01,1.0479,coffee_arabica,world_bank_pink_sheet,1969M12
1970-01-01,1970-02-01,1.1369,coffee_arabica,world_bank_pink_sheet,1970M01
1970-02-01,1970-03-01,1.1453,coffee_arabica,world_bank_pink_sheet,1970M02
1970-03-01,1970-04-01,1.1711,coffee_arabica,world_bank_pink_sheet,1970M03
1970-04-01,1970-05-01,1.2028,coffee_arabica,world_bank_pink_sheet,1970M04
1970-05-01,1970-06-01,1.217,coffee_arabica,world_bank_pink_sheet,1970M05
1970-06-01,1970-07-01,1.2061,coffee_arabica,world_bank_pink_sheet,1970M06
1970-07-01,1970-08-01,1.2121,coffee_arabica,world_bank_pink_sheet,1970M07
1970-08-01,1970-09-01,1.1828,coffee_arabica,world_bank_pink_sheet,1970M08
1970-09-01,1970-10-01,1.1603,coffee_arabica,world_bank_pink_sheet,1970M09
1970-10-01,1970-11-01,1.1197,coffee_arabica,world_bank_pink_sheet,1970M10
1970-11-01,1970-12-01,1.0278,coffee_arabica,world_bank_pink_sheet,1970M11
1970-12-01,1971-01-01,0.9775,coffee_arabica,world_bank_pink_sheet,1970M12
1971-01-01,1971-02-01,1.0031,coffee_arabica,world_bank_pink_sheet,1971M01
1971-02-01,1971-03-01,0.9833,coffee_arabica,world_bank_pink_sheet,1971M02
1971-03-01,1971-04-01,1.0143,coffee_arabica,world_bank_pink_sheet,1971M03
1971-04-01,1971-05-01,0.9894,coffee_arabica,world_bank_pink_sheet,1971M04
1971-05-01,1971-06-01,1.0183,coffee_arabica,world_bank_pink_sheet,1971M05
1971-06-01,1971-07-01,1.0022,coffee_arabica,world_bank_pink_sheet,1971M06
1971-07-01,1971-08-01,0.9927,coffee_arabica,world_bank_pink_sheet,1971M07
1971-08-01,1971-09-01,1.0051,coffee_arabica,world_bank_pink_sheet,1971M08
1971-09-01,1971-10-01,0.9645,coffee_arabica,world_bank_pink_sheet,1971M09
1971-10-01,1971-11-01,0.9431,coffee_arabica,world_bank_pink_sheet,1971M10
1971-11-01,1971-12-01,0.9658,coffee_arabica,world_bank_pink_sheet,1971M11
1971-12-01,1972-01-01,1.0207,coffee_arabica,world_bank_pink_sheet,1971M12
1972-01-01,1972-02-01,0.9905,coffee_arabica,world_bank_pink_sheet,1972M01
1972-02-01,1972-03-01,0.9996,coffee_arabica,world_bank_pink_sheet,1972M02
1972-03-01,1972-04-01,1.0192,coffee_arabica,world_bank_pink_sheet,1972M03
1972-04-01,1972-05-01,1.0115,coffee_arabica,world_bank_pink_sheet,1972M04
1972-05-01,1972-06-01,1.0377,coffee_arabica,world_bank_pink_sheet,1972M05
1972-06-01,1972-07-01,1.0697,coffee_arabica,world_bank_pink_sheet,1972M06
1972-07-01,1972-08-01,1.2361,coffee_arabica,world_bank_pink_sheet,1972M07
1972-08-01,1972-09-01,1.2009,coffee_arabica,world_bank_pink_sheet,1972M08
1972-09-01,1972-10-01,1.1687,coffee_arabica,world_bank_pink_sheet,1972M09
1972-10-01,1972-11-01,1.1779,coffee_arabica,world_bank_pink_sheet,1972M10
1972-11-01,1972-12-01,1.1859,coffee_arabica,world_bank_pink_sheet,1972M11
1972-12-01,1973-01-01,1.2174,coffee_arabica,world_bank_pink_sheet,1972M12
1973-01-01,1973-02-01,1.278,coffee_arabica,world_bank_pink_sheet,1973M01
1973-02-01,1973-03-01,1.4542,coffee_arabica,world_bank_pink_sheet,1973M02
1973-03-01,1973-04-01,1.4193,coffee_arabica,world_bank_pink_sheet,1973M03
1973-04-01,1973-05-01,1.291,coffee_arabica,world_bank_pink_sheet,1973M04
1973-05-01,1973-06-01,1.4151,coffee_arabica,world_bank_pink_sheet,1973M05
1973-06-01,1973-07-01,1.4147,coffee_arabica,world_bank_pink_sheet,1973M06
1973-07-01,1973-08-01,1.3567,coffee_arabica,world_bank_pink_sheet,1973M07
1973-08-01,1973-09-01,1.3307,coffee_arabica,world_bank_pink_sheet,1973M08
1973-09-01,1973-10-01,1.3272,coffee_arabica,world_bank_pink_sheet,1973M09
1973-10-01,1973-11-01,1.3779,coffee_arabica,world_bank_pink_sheet,1973M10
1973-11-01,1973-12-01,1.3931,coffee_arabica,world_bank_pink_sheet,1973M11
1973-12-01,1974-01-01,1.4235,coffee_arabica,world_bank_pink_sheet,1973M12
1974-01-01,1974-02-01,1.5304,coffee_arabica,world_bank_pink_sheet,1974M01
1974-02-01,1974-03-01,1.6466,coffee_arabica,world_bank_pink_sheet,1974M02
1974-03-01,1974-04-01,1.5754,coffee_arabica,world_bank_pink_sheet,1974M03
1974-04-01,1974-05-01,1.5498,coffee_arabica,world_bank_pink_sheet,1974M04
1974-05-01,1974-06-01,1.5657,coffee_arabica,world_bank_pink_sheet,1974M05
1974-06-01,1974-07-01,1.5898,coffee_arabica,world_bank_pink_sheet,1974M06
1974-07-01,1974-08-01,1.5232,coffee_arabica,world_bank_pink_sheet,1974M07
1974-08-01,1974-09-01,1.379,coffee_arabica,world_bank_pink_sheet,1974M08
1974-09-01,1974-10-01,1.2039,coffee_arabica,world_bank_pink_sheet,1974M09
1974-10-01,1974-11-01,1.2518,coffee_arabica,world_bank_pink_sheet,1974M10
1974-11-01,1974-12-01,1.3069,coffee_arabica,world_bank_pink_sheet,1974M11
1974-12-01,1975-01-01,1.2959,coffee_arabica,world_bank_pink_sheet,1974M12
1975-01-01,1975-02-01,1.2311,coffee_arabica,world_bank_pink_sheet,1975M01
1975-02-01,1975-03-01,1.1788,coffee_arabica,world_bank_pink_sheet,1975M02
1975-03-01,1975-04-01,1.1034,coffee_arabica,world_bank_pink_sheet,1975M03
1975-04-01,1975-05-01,1.0503,coffee_arabica,world_bank_pink_sheet,1975M04
1975-05-01,1975-06-01,1.121,coffee_arabica,world_bank_pink_sheet,1975M05
1975-06-01,1975-07-01,1.233,coffee_arabica,world_bank_pink_sheet,1975M06
1975-07-01,1975-08-01,1.4478,coffee_arabica,world_bank_pink_sheet,1975M07
1975-08-01,1975-09-01,1.8404,coffee_arabica,world_bank_pink_sheet,1975M08
1975-09-01,1975-10-01,1.7831,coffee_arabica,world_bank_pink_sheet,1975M09
1975-10-01,1975-11-01,1.7723,coffee_arabica,world_bank_pink_sheet,1975M10
1975-11-01,1975-12-01,1.709,coffee_arabica,world_bank_pink_sheet,1975M11
1975-12-01,1976-01-01,1.8353,coffee_arabica,world_bank_pink_sheet,1975M12
1976-01-01,1976-02-01,2.047,coffee_arabica,world_bank_pink_sheet,1976M01
1976-02-01,1976-03-01,2.1874,coffee_arabica,world_bank_pink_sheet,1976M02
1976-03-01,1976-04-01,2.1958,coffee_arabica,world_bank_pink_sheet,1976M03
1976-04-01,1976-05-01,2.7002,coffee_arabica,world_bank_pink_sheet,1976M04
1976-05-01,1976-06-01,2.9864,coffee_arabica,world_bank_pink_sheet,1976M05
1976-06-01,1976-07-01,3.2977,coffee_arabica,world_bank_pink_sheet,1976M06
1976-07-01,1976-08-01,3.0256,coffee_arabica,world_bank_pink_sheet,1976M07
1976-08-01,1976-09-01,3.3848,coffee_arabica,world_bank_pink_sheet,1976M08
1976-09-01,1976-10-01,3.5133,coffee_arabica,world_bank_pink_sheet,1976M09
1976-10-01,1976-11-01,3.8215,coffee_arabica,world_bank_pink_sheet,1976M10
1976-11-01,1976-12-01,4.0342,coffee_arabica,world_bank_pink_sheet,1976M11
1976-12-01,1977-01-01,4.566,coffee_arabica,world_bank_pink_sheet,1976M12
1977-01-01,1977-02-01,4.8272,coffee_arabica,world_bank_pink_sheet,1977M01
1977-02-01,1977-03-01,5.4119,coffee_arabica,world_bank_pink_sheet,1977M02
1977-03-01,1977-04-01,6.7058,coffee_arabica,world_bank_pink_sheet,1977M03
1977-04-01,1977-05-01,7.0036,coffee_arabica,world_bank_pink_sheet,1977M04
1977-05-01,1977-06-01,6.2889,coffee_arabica,world_bank_pink_sheet,1977M05
1977-06-01,1977-07-01,5.7781,coffee_arabica,world_bank_pink_sheet,1977M06
1977-07-01,1977-08-01,4.8488,coffee_arabica,world_bank_pink_sheet,1977M07
1977-08-01,1977-09-01,4.396,coffee_arabica,world_bank_pink_sheet,1977M08
1977-09-01,1977-10-01,4.1778,coffee_arabica,world_bank_pink_sheet,1977M09
1977-10-01,1977-11-01,3.7703,coffee_arabica,world_bank_pink_sheet,1977M10
1977-11-01,1977-12-01,4.3466,coffee_arabica,world_bank_pink_sheet,1977M11
1977-12-01,1978-01-01,4.4714,coffee_arabica,world_bank_pink_sheet,1977M12
1978-01-01,1978-02-01,4.545,coffee_arabica,world_bank_pink_sheet,1978M01
1978-02-01,1978-03-01,4.3561,coffee_arabica,world_bank_pink_sheet,1978M02
1978-03-01,1978-04-01,3.8576,coffee_arabica,world_bank_pink_sheet,1978M03
1978-04-01,1978-05-01,3.9368,coffee_arabica,world_bank_pink_sheet,1978M04
1978-05-01,1978-06-01,3.7397,coffee_arabica,world_bank_pink_sheet,1978M05
1978-06-01,1978-07-01,3.7148,coffee_arabica,world_bank_pink_sheet,1978M06
1978-07-01,1978-08-01,2.9498,coffee_arabica,world_bank_pink_sheet,1978M07
1978-08-01,1978-09-01,3.0472,coffee_arabica,world_bank_pink_sheet,1978M08
1978-09-01,1978-10-01,3.4244,coffee_arabica,world_bank_pink_sheet,1978M09
1978-10-01,1978-11-01,3.3964,coffee_arabica,world_bank_pink_sheet,1978M10
1978-11-01,1978-12-01,3.2223,coffee_arabica,world_bank_pink_sheet,1978M11
1978-12-01,1979-01-01,2.8898,coffee_arabica,world_bank_pink_sheet,1978M12
1979-01-01,1979-02-01,2.8349,coffee_arabica,world_bank_pink_sheet,1979M01
1979-02-01,1979-03-01,2.7119,coffee_arabica,world_bank_pink_sheet,1979M02
1979-03-01,1979-04-01,2.8735,coffee_arabica,world_bank_pink_sheet,1979M03
1979-04-01,1979-05-01,3.0563,coffee_arabica,world_bank_pink_sheet,1979M04
1979-05-01,1979-06-01,3.3023,coffee_arabica,world_bank_pink_sheet,1979M05
1979-06-01,1979-07-01,4.2589,coffee_arabica,world_bank_pink_sheet,1979M06
1979-07-01,1979-08-01,4.4899,coffee_arabica,world_bank_pink_sheet,1979M07
1979-08-01,1979-09-01,4.353,coffee_arabica,world_bank_pink_sheet,1979M08
1979-09-01,1979-10-01,4.5717,coffee_arabica,world_bank_pink_sheet,1979M09
1979-10-01,1979-11-01,4.6207,coffee_arabica,world_bank_pink_sheet,1979M10
1979-11-01,1979-12-01,4.5574,coffee_arabica,world_bank_pink_sheet,1979M11
1979-12-01,1980-01-01,4.2831,coffee_arabica,world_bank_pink_sheet,1979M12
1980-01-01,1980-02-01,3.8078,coffee_arabica,world_bank_pink_sheet,1980M01
1980-02-01,1980-03-01,3.7102,coffee_arabica,world_bank_pink_sheet,1980M02
1980-03-01,1980-04-01,4.1173,coffee_arabica,world_bank_pink_sheet,1980M03
1980-04-01,1980-05-01,4.0528,coffee_arabica,world_bank_pink_sheet,1980M04
1980-05-01,1980-06-01,4.2315,coffee_arabica,world_bank_pink_sheet,1980M05
1980-06-01,1980-07-01,4.0503,coffee_arabica,world_bank_pink_sheet,1980M06
1980-07-01,1980-08-01,3.5164,coffee_arabica,world_bank_pink_sheet,1980M07
1980-08-01,1980-09-01,3.1001,coffee_arabica,world_bank_pink_sheet,1980M08
1980-09-01,1980-10-01,2.8559,coffee_arabica,world_bank_pink_sheet,1980M09
1980-10-01,1980-11-01,2.8373,coffee_arabica,world_bank_pink_sheet,1980M10
1980-11-01,1980-12-01,2.5986,coffee_arabica,world_bank_pink_sheet,1980M11
1980-12-01,1981-01-01,2.7172,coffee_arabica,world_bank_pink_sheet,1980M12
1981-01-01,1981-02-01,2.8894,coffee_arabica,world_bank_pink_sheet,1981M01
1981-02-01,1981-03-01,2.8517,coffee_arabica,world_bank_pink_sheet,1981M02
1981-03-01,1981-04-01,2.8574,coffee_arabica,world_bank_pink_sheet,1981M03
1981-04-01,1981-05-01,2.8887,coffee_arabica,world_bank_pink_sheet,1981M04
1981-05-01,1981-06-01,2.8329,coffee_arabica,world_bank_pink_sheet,1981M05
1981-06-01,1981-07-01,2.5104,coffee_arabica,world_bank_pink_sheet,1981M06
1981-07-01,1981-08-01,2.6691,coffee_arabica,world_bank_pink_sheet,1981M07
1981-08-01,1981-09-01,2.782,coffee_arabica,world_bank_pink_sheet,1981M08
1981-09-01,1981-10-01,2.8038,coffee_arabica,world_bank_pink_sheet,1981M09
1981-10-01,1981-11-01,3.0225,coffee_arabica,world_bank_pink_sheet,1981M10
1981-11-01,1981-12-01,3.1804,coffee_arabica,world_bank_pink_sheet,1981M11
1981-12-01,1982-01-01,3.1343,coffee_arabica,world_bank_pink_sheet,1981M12
1982-01-01,1982-02-01,3.1786,coffee_arabica,world_bank_pink_sheet,1982M01
1982-02-01,1982-03-01,3.4046,coffee_arabica,world_bank_pink_sheet,1982M02
1982-03-01,1982-04-01,3.2196,coffee_arabica,world_bank_pink_sheet,1982M03
1982-04-01,1982-05-01,3.1224,coffee_arabica,world_bank_pink_sheet,1982M04
1982-05-01,1982-06-01,3.0333,coffee_arabica,world_bank_pink_sheet,1982M05
1982-06-01,1982-07-01,3.1004,coffee_arabica,world_bank_pink_sheet,1982M06
1982-07-01,1982-08-01,2.9434,coffee_arabica,world_bank_pink_sheet,1982M07
1982-08-01,1982-09-01,2.9308,coffee_arabica,world_bank_pink_sheet,1982M08
1982-09-01,1982-10-01,3.0042,coffee_arabica,world_bank_pink_sheet,1982M09
1982-10-01,1982-11-01,3.0955,coffee_arabica,world_bank_pink_sheet,1982M10
1982-11-01,1982-12-01,3.045,coffee_arabica,world_bank_pink_sheet,1982M11
1982-12-01,1983-01-01,2.9729,coffee_arabica,world_bank_pink_sheet,1982M12
1983-01-01,1983-02-01,2.8651,coffee_arabica,world_bank_pink_sheet,1983M01
1983-02-01,1983-03-01,2.7983,coffee_arabica,world_bank_pink_sheet,1983M02
1983-03-01,1983-04-01,2.7567,coffee_arabica,world_bank_pink_sheet,1983M03
1983-04-01,1983-05-01,2.7505,coffee_arabica,world_bank_pink_sheet,1983M04
1983-05-01,1983-06-01,2.8323,coffee_arabica,world_bank_pink_sheet,1983M05
1983-06-01,1983-07-01,2.8071,coffee_arabica,world_bank_pink_sheet,1983M06
1983-07-01,1983-08-01,2.8294,coffee_arabica,world_bank_pink_sheet,1983M07
1983-08-01,1983-09-01,2.8559,coffee_arabica,world_bank_pink_sheet,1983M08
1983-09-01,1983-10-01,2.9169,coffee_arabica,world_bank_pink_sheet,1983M09
1983-10-01,1983-11-01,3.1026,coffee_arabica,world_bank_pink_sheet,1983M10
1983-11-01,1983-12-01,3.187,coffee_arabica,world_bank_pink_sheet,1983M11
1983-12-01,1984-01-01,3.2333,coffee_arabica,world_bank_pink_sheet,1983M12
1984-01-01,1984-02-01,3.1683,coffee_arabica,world_bank_pink_sheet,1984M01
1984-02-01,1984-03-01,3.2168,coffee_arabica,world_bank_pink_sheet,1984M02
1984-03-01,1984-04-01,3.2699,coffee_arabica,world_bank_pink_sheet,1984M03
1984-04-01,1984-05-01,3.3116,coffee_arabica,world_bank_pink_sheet,1984M04
1984-05-01,1984-06-01,3.3124,coffee_arabica,world_bank_pink_sheet,1984M05
1984-06-01,1984-07-01,3.2474,coffee_arabica,world_bank_pink_sheet,1984M06
1984-07-01,1984-08-01,3.1771,coffee_arabica,world_bank_pink_sheet,1984M07
1984-08-01,1984-09-01,3.2121,coffee_arabica,world_bank_pink_sheet,1984M08
1984-09-01,1984-10-01,3.1356,coffee_arabica,world_bank_pink_sheet,1984M09
1984-10-01,1984-11-01,3.0175,coffee_arabica,world_bank_pink_sheet,1984M10
1984-11-01,1984-12-01,3.0911,coffee_arabica,world_bank_pink_sheet,1984M11
1984-12-01,1985-01-01,3.1041,coffee_arabica,world_bank_pink_sheet,1984M12
1985-01-01,1985-02-01,3.2053,coffee_arabica,world_bank_pink_sheet,1985M01
1985-02-01,1985-03-01,3.1764,coffee_arabica,world_bank_pink_sheet,1985M02
1985-03-01,1985-04-01,3.2602,coffee_arabica,world_bank_pink_sheet,1985M03
1985-04-01,1985-05-01,3.1189,coffee_arabica,world_bank_pink_sheet,1985M04
1985-05-01,1985-06-01,3.1458,coffee_arabica,world_bank_pink_sheet,1985M05
1985-06-01,1985-07-01,3.1281,coffee_arabica,world_bank_pink_sheet,1985M06
1985-07-01,1985-08-01,2.9778,coffee_arabica,world_bank_pink_sheet,1985M07
1985-08-01,1985-09-01,2.9427,coffee_arabica,world_bank_pink_sheet,1985M08
1985-09-01,1985-10-01,2.9427,coffee_arabica,world_bank_pink_sheet,1985M09
1985-10-01,1985-11-01,3.0979,coffee_arabica,world_bank_pink_sheet,1985M10
1985-11-01,1985-12-01,3.4315,coffee_arabica,world_bank_pink_sheet,1985M11
1985-12-01,1986-01-01,4.3422,coffee_arabica,world_bank_pink_sheet,1985M12
1986-01-01,1986-02-01,5.2441,coffee_arabica,world_bank_pink_sheet,1986M01
1986-02-01,1986-03-01,5.0307,coffee_arabica,world_bank_pink_sheet,1986M02
1986-03-01,1986-04-01,5.2823,coffee_arabica,world_bank_pink_sheet,1986M03
1986-04-01,1986-05-01,4.9833,coffee_arabica,world_bank_pink_sheet,1986M04
1986-05-01,1986-06-01,4.6592,coffee_arabica,world_bank_pink_sheet,1986M05
1986-06-01,1986-07-01,3.9039,coffee_arabica,world_bank_pink_sheet,1986M06
1986-07-01,1986-08-01,3.7988,coffee_arabica,world_bank_pink_sheet,1986M07
1986-08-01,1986-09-01,3.8345,coffee_arabica,world_bank_pink_sheet,1986M08
1986-09-01,1986-10-01,4.4011,coffee_arabica,world_bank_pink_sheet,1986M09
1986-10-01,1986-11-01,3.9152,coffee_arabica,world_bank_pink_sheet,1986M10
1986-11-01,1986-12-01,3.4545,coffee_arabica,world_bank_pink_sheet,1986M11
1986-12-01,1987-01-01,3.0034,coffee_arabica,world_bank_pink_sheet,1986M12
1987-01-01,1987-02-01,2.7234,coffee_arabica,world_bank_pink_sheet,1987M01
1987-02-01,1987-03-01,2.6645,coffee_arabica,world_bank_pink_sheet,1987M02
1987-03-01,1987-04-01,2.2877,coffee_arabica,world_bank_pink_sheet,1987M03
1987-04-01,1987-05-01,2.3712,coffee_arabica,world_bank_pink_sheet,1987M04
1987-05-01,1987-06-01,2.586,coffee_arabica,world_bank_pink_sheet,1987M05
1987-06-01,1987-07-01,2.3176,coffee_arabica,world_bank_pink_sheet,1987M06
1987-07-01,1987-08-01,2.2023,coffee_arabica,world_bank_pink_sheet,1987M07
1987-08-01,1987-09-01,2.2531,coffee_arabica,world_bank_pink_sheet,1987M08
1987-09-01,1987-10-01,2.4365,coffee_arabica,world_bank_pink_sheet,1987M09
1987-10-01,1987-11-01,2.6319,coffee_arabica,world_bank_pink_sheet,1987M10
1987-11-01,1987-12-01,2.7884,coffee_arabica,world_bank_pink_sheet,1987M11
1987-12-01,1988-01-01,2.7972,coffee_arabica,world_bank_pink_sheet,1987M12
1988-01-01,1988-02-01,2.8223,coffee_arabica,world_bank_pink_sheet,1988M01
1988-02-01,1988-03-01,3.0544,coffee_arabica,world_bank_pink_sheet,1988M02
1988-03-01,1988-04-01,3.0104,coffee_arabica,world_bank_pink_sheet,1988M03
1988-04-01,1988-05-01,3.0075,coffee_arabica,world_bank_pink_sheet,1988M04
1988-05-01,1988-06-01,3.0567,coffee_arabica,world_bank_pink_sheet,1988M05
1988-06-01,1988-07-01,3.1718,coffee_arabica,world_bank_pink_sheet,1988M06
1988-07-01,1988-08-01,3.1299,coffee_arabica,world_bank_pink_sheet,1988M07
1988-08-01,1988-09-01,2.9228,coffee_arabica,world_bank_pink_sheet,1988M08
1988-09-01,1988-10-01,3.0391,coffee_arabica,world_bank_pink_sheet,1988M09
1988-10-01,1988-11-01,2.9502,coffee_arabica,world_bank_pink_sheet,1988M10
1988-11-01,1988-12-01,2.9848,coffee_arabica,world_bank_pink_sheet,1988M11
1988-12-01,1989-01-01,3.2546,coffee_arabica,world_bank_pink_sheet,1988M12
1989-01-01,1989-02-01,3.3563,coffee_arabica,world_bank_pink_sheet,1989M01
1989-02-01,1989-03-01,3.0854,coffee_arabica,world_bank_pink_sheet,1989M02
1989-03-01,1989-04-01,3.0966,coffee_arabica,world_bank_pink_sheet,1989M03
1989-04-01,1989-05-01,3.172,coffee_arabica,world_bank_pink_sheet,1989M04
1989-05-01,1989-06-01,3.0993,coffee_arabica,world_bank_pink_sheet,1989M05
1989-06-01,1989-07-01,2.7628,coffee_arabica,world_bank_pink_sheet,1989M06
1989-07-01,1989-08-01,1.942,coffee_arabica,world_bank_pink_sheet,1989M07
1989-08-01,1989-09-01,1.7308,coffee_arabica,world_bank_pink_sheet,1989M08
1989-09-01,1989-10-01,1.7289,coffee_arabica,world_bank_pink_sheet,1989M09
1989-10-01,1989-11-01,1.5135,coffee_arabica,world_bank_pink_sheet,1989M10
1989-11-01,1989-12-01,1.5624,coffee_arabica,world_bank_pink_sheet,1989M11
1989-12-01,1990-01-01,1.5977,coffee_arabica,world_bank_pink_sheet,1989M12
1990-01-01,1990-02-01,1.6761,coffee_arabica,world_bank_pink_sheet,1990M01
1990-02-01,1990-03-01,1.8508,coffee_arabica,world_bank_pink_sheet,1990M02
1990-03-01,1990-04-01,2.0885,coffee_arabica,world_bank_pink_sheet,1990M03
1990-04-01,1990-05-01,2.088,coffee_arabica,world_bank_pink_sheet,1990M04
1990-05-01,1990-06-01,2.0496,coffee_arabica,world_bank_pink_sheet,1990M05
1990-06-01,1990-07-01,1.9654,coffee_arabica,world_bank_pink_sheet,1990M06
1990-07-01,1990-08-01,1.9103,coffee_arabica,world_bank_pink_sheet,1990M07
1990-08-01,1990-09-01,2.0818,coffee_arabica,world_bank_pink_sheet,1990M08
1990-09-01,1990-10-01,2.103,coffee_arabica,world_bank_pink_sheet,1990M09
1990-10-01,1990-11-01,2.019,coffee_arabica,world_bank_pink_sheet,1990M10
1990-11-01,1990-12-01,1.8678,coffee_arabica,world_bank_pink_sheet,1990M11
1990-12-01,1991-01-01,1.9661,coffee_arabica,world_bank_pink_sheet,1990M12
1991-01-01,1991-02-01,1.8945,coffee_arabica,world_bank_pink_sheet,1991M01
1991-02-01,1991-03-01,1.9667,coffee_arabica,world_bank_pink_sheet,1991M02
1991-03-01,1991-04-01,2.0628,coffee_arabica,world_bank_pink_sheet,1991M03
1991-04-01,1991-05-01,2.0273,coffee_arabica,world_bank_pink_sheet,1991M04
1991-05-01,1991-06-01,1.9375,coffee_arabica,world_bank_pink_sheet,1991M05
1991-06-01,1991-07-01,1.891,coffee_arabica,world_bank_pink_sheet,1991M06
1991-07-01,1991-08-01,1.8351,coffee_arabica,world_bank_pink_sheet,1991M07
1991-08-01,1991-09-01,1.8027,coffee_arabica,world_bank_pink_sheet,1991M08
1991-09-01,1991-10-01,1.9193,coffee_arabica,world_bank_pink_sheet,1991M09
1991-10-01,1991-11-01,1.7586,coffee_arabica,world_bank_pink_sheet,1991M10
1991-11-01,1991-12-01,1.724,coffee_arabica,world_bank_pink_sheet,1991M11
1991-12-01,1992-01-01,1.6612,coffee_arabica,world_bank_pink_sheet,1991M12
1992-01-01,1992-02-01,1.6184,coffee_arabica,world_bank_pink_sheet,1992M01
1992-02-01,1992-03-01,1.5091,coffee_arabica,world_bank_pink_sheet,1992M02
1992-03-01,1992-04-01,1.5514,coffee_arabica,world_bank_pink_sheet,1992M03
1992-04-01,1992-05-01,1.4533,coffee_arabica,world_bank_pink_sheet,1992M04
1992-05-01,1992-06-01,1.3417,coffee_arabica,world_bank_pink_sheet,1992M05
1992-06-01,1992-07-01,1.3027,coffee_arabica,world_bank_pink_sheet,1992M06
1992-07-01,1992-08-01,1.2831,coffee_arabica,world_bank_pink_sheet,1992M07
1992-08-01,1992-09-01,1.1669,coffee_arabica,world_bank_pink_sheet,1992M08
1992-09-01,1992-10-01,1.1735,coffee_arabica,world_bank_pink_sheet,1992M09
1992-10-01,1992-11-01,1.3574,coffee_arabica,world_bank_pink_sheet,1992M10
1992-11-01,1992-12-01,1.4839,coffee_arabica,world_bank_pink_sheet,1992M11
1992-12-01,1993-01-01,1.7016,coffee_arabica,world_bank_pink_sheet,1992M12
1993-01-01,1993-02-01,1.5298,coffee_arabica,world_bank_pink_sheet,1993M01
1993-02-01,1993-03-01,1.4914,coffee_arabica,world_bank_pink_sheet,1993M02
1993-03-01,1993-04-01,1.4026,coffee_arabica,world_bank_pink_sheet,1993M03
1993-04-01,1993-05-01,1.2758,coffee_arabica,world_bank_pink_sheet,1993M04
1993-05-01,1993-06-01,1.3708,coffee_arabica,world_bank_pink_sheet,1993M05
1993-06-01,1993-07-01,1.3779,coffee_arabica,world_bank_pink_sheet,1993M06
1993-07-01,1993-08-01,1.5831,coffee_arabica,world_bank_pink_sheet,1993M07
1993-08-01,1993-09-01,1.6958,coffee_arabica,world_bank_pink_sheet,1993M08
1993-09-01,1993-10-01,1.7807,coffee_arabica,world_bank_pink_sheet,1993M09
1993-10-01,1993-11-01,1.6896,coffee_arabica,world_bank_pink_sheet,1993M10
1993-11-01,1993-12-01,1.7328,coffee_arabica,world_bank_pink_sheet,1993M11
1993-12-01,1994-01-01,1.7921,coffee_arabica,world_bank_pink_sheet,1993M12
1994-01-01,1994-02-01,1.7405,coffee_arabica,world_bank_pink_sheet,1994M01
1994-02-01,1994-03-01,1.8503,coffee_arabica,world_bank_pink_sheet,1994M02
1994-03-01,1994-04-01,1.9181,coffee_arabica,world_bank_pink_sheet,1994M03
1994-04-01,1994-05-01,1.9967,coffee_arabica,world_bank_pink_sheet,1994M04
1994-05-01,1994-06-01,2.687,coffee_arabica,world_bank_pink_sheet,1994M05
1994-06-01,1994-07-01,3.1621,coffee_arabica,world_bank_pink_sheet,1994M06
1994-07-01,1994-08-01,4.8256,coffee_arabica,world_bank_pink_sheet,1994M07
1994-08-01,1994-09-01,4.4189,coffee_arabica,world_bank_pink_sheet,1994M08
1994-09-01,1994-10-01,4.8943,coffee_arabica,world_bank_pink_sheet,1994M09
1994-10-01,1994-11-01,4.45,coffee_arabica,world_bank_pink_sheet,1994M10
1994-11-01,1994-12-01,4.0325,coffee_arabica,world_bank_pink_sheet,1994M11
1994-12-01,1995-01-01,3.7157,coffee_arabica,world_bank_pink_sheet,1994M12
1995-01-01,1995-02-01,3.8056,coffee_arabica,world_bank_pink_sheet,1995M01
1995-02-01,1995-03-01,3.7431,coffee_arabica,world_bank_pink_sheet,1995M02
1995-03-01,1995-04-01,3.9558,coffee_arabica,world_bank_pink_sheet,1995M03
1995-04-01,1995-05-01,3.8449,coffee_arabica,world_bank_pink_sheet,1995M04
1995-05-01,1995-06-01,3.7701,coffee_arabica,world_bank_pink_sheet,1995M05
1995-06-01,1995-07-01,3.4059,coffee_arabica,world_bank_pink_sheet,1995M06
1995-07-01,1995-08-01,3.2112,coffee_arabica,world_bank_pink_sheet,1995M07
1995-08-01,1995-09-01,3.3777,coffee_arabica,world_bank_pink_sheet,1995M08
1995-09-01,1995-10-01,2.9643,coffee_arabica,world_bank_pink_sheet,1995M09
1995-10-01,1995-11-01,2.8058,coffee_arabica,world_bank_pink_sheet,1995M10
1995-11-01,1995-12-01,2.7613,coffee_arabica,world_bank_pink_sheet,1995M11
1995-12-01,1996-01-01,2.3422,coffee_arabica,world_bank_pink_sheet,1995M12
1996-01-01,1996-02-01,2.4394,coffee_arabica,world_bank_pink_sheet,1996M01
1996-02-01,1996-03-01,2.7357,coffee_arabica,world_bank_pink_sheet,1996M02
1996-03-01,1996-04-01,2.6641,coffee_arabica,world_bank_pink_sheet,1996M03
1996-04-01,1996-05-01,2.7227,coffee_arabica,world_bank_pink_sheet,1996M04
1996-05-01,1996-06-01,2.8499,coffee_arabica,world_bank_pink_sheet,1996M05
1996-06-01,1996-07-01,2.7659,coffee_arabica,world_bank_pink_sheet,1996M06
1996-07-01,1996-08-01,2.7,coffee_arabica,world_bank_pink_sheet,1996M07
1996-08-01,1996-09-01,2.7827,coffee_arabica,world_bank_pink_sheet,1996M08
1996-09-01,1996-10-01,2.6169,coffee_arabica,world_bank_pink_sheet,1996M09
1996-10-01,1996-11-01,2.7381,coffee_arabica,world_bank_pink_sheet,1996M10
1996-11-01,1996-12-01,2.7353,coffee_arabica,world_bank_pink_sheet,1996M11
1996-12-01,1997-01-01,2.5798,coffee_arabica,world_bank_pink_sheet,1996M12
1997-01-01,1997-02-01,2.9291,coffee_arabica,world_bank_pink_sheet,1997M01
1997-02-01,1997-03-01,3.7119,coffee_arabica,world_bank_pink_sheet,1997M02
1997-03-01,1997-04-01,4.2924,coffee_arabica,world_bank_pink_sheet,1997M03
1997-04-01,1997-05-01,4.5633,coffee_arabica,world_bank_pink_sheet,1997M04
1997-05-01,1997-06-01,5.8923,coffee_arabica,world_bank_pink_sheet,1997M05
1997-06-01,1997-07-01,4.8947,coffee_arabica,world_bank_pink_sheet,1997M06
1997-07-01,1997-08-01,4.1978,coffee_arabica,world_bank_pink_sheet,1997M07
1997-08-01,1997-09-01,4.2064,coffee_arabica,world_bank_pink_sheet,1997M08
1997-09-01,1997-10-01,4.1859,coffee_arabica,world_bank_pink_sheet,1997M09
1997-10-01,1997-11-01,3.6963,coffee_arabica,world_bank_pink_sheet,1997M10
1997-11-01,1997-12-01,3.5333,coffee_arabica,world_bank_pink_sheet,1997M11
1997-12-01,1998-01-01,3.9119,coffee_arabica,world_bank_pink_sheet,1997M12
1998-01-01,1998-02-01,3.9198,coffee_arabica,world_bank_pink_sheet,1998M01
1998-02-01,1998-03-01,3.9282,coffee_arabica,world_bank_pink_sheet,1998M02
1998-03-01,1998-04-01,3.4756,coffee_arabica,world_bank_pink_sheet,1998M03
1998-04-01,1998-05-01,3.3146,coffee_arabica,world_bank_pink_sheet,1998M04
1998-05-01,1998-06-01,3.0362,coffee_arabica,world_bank_pink_sheet,1998M05
1998-06-01,1998-07-01,2.7542,coffee_arabica,world_bank_pink_sheet,1998M06
1998-07-01,1998-08-01,2.5926,coffee_arabica,world_bank_pink_sheet,1998M07
1998-08-01,1998-09-01,2.7163,coffee_arabica,world_bank_pink_sheet,1998M08
1998-09-01,1998-10-01,2.4659,coffee_arabica,world_bank_pink_sheet,1998M09
1998-10-01,1998-11-01,2.4189,coffee_arabica,world_bank_pink_sheet,1998M10
1998-11-01,1998-12-01,2.5655,coffee_arabica,world_bank_pink_sheet,1998M11
1998-12-01,1999-01-01,2.588,coffee_arabica,world_bank_pink_sheet,1998M12
1999-01-01,1999-02-01,2.4903,coffee_arabica,world_bank_pink_sheet,1999M01
1999-02-01,1999-03-01,2.3254,coffee_arabica,world_bank_pink_sheet,1999M02
1999-03-01,1999-04-01,2.3234,coffee_arabica,world_bank_pink_sheet,1999M03
1999-04-01,1999-05-01,2.2511,coffee_arabica,world_bank_pink_sheet,1999M04
1999-05-01,1999-06-01,2.4487,coffee_arabica,world_bank_pink_sheet,1999M05
1999-06-01,1999-07-01,2.3636,coffee_arabica,world_bank_pink_sheet,1999M06
1999-07-01,1999-08-01,2.0911,coffee_arabica,world_bank_pink_sheet,1999M07
1999-08-01,1999-09-01,2.0144,coffee_arabica,world_bank_pink_sheet,1999M08
1999-09-01,1999-10-01,1.8587,coffee_arabica,world_bank_pink_sheet,1999M09
1999-10-01,1999-11-01,2.0768,coffee_arabica,world_bank_pink_sheet,1999M10
1999-11-01,1999-12-01,2.4996,coffee_arabica,world_bank_pink_sheet,1999M11
1999-12-01,2000-01-01,2.7439,coffee_arabica,world_bank_pink_sheet,1999M12
2000-01-01,2000-02-01,2.4496,coffee_arabica,world_bank_pink_sheet,2000M01
2000-02-01,2000-03-01,2.2805,coffee_arabica,world_bank_pink_sheet,2000M02
2000-03-01,2000-04-01,2.2207,coffee_arabica,world_bank_pink_sheet,2000M03
2000-04-01,2000-05-01,2.0858,coffee_arabica,world_bank_pink_sheet,2000M04
2000-05-01,2000-06-01,2.0756,coffee_arabica,world_bank_pink_sheet,2000M05
2000-06-01,2000-07-01,1.9057,coffee_arabica,world_bank_pink_sheet,2000M06
2000-07-01,2000-08-01,1.9257,coffee_arabica,world_bank_pink_sheet,2000M07
2000-08-01,2000-09-01,1.6958,coffee_arabica,world_bank_pink_sheet,2000M08
2000-09-01,2000-10-01,1.6707,coffee_arabica,world_bank_pink_sheet,2000M09
2000-10-01,2000-11-01,1.6901,coffee_arabica,world_bank_pink_sheet,2000M10
2000-11-01,2000-12-01,1.5772,coffee_arabica,world_bank_pink_sheet,2000M11
2000-12-01,2001-01-01,1.4586,coffee_arabica,world_bank_pink_sheet,2000M12
2001-01-01,2001-02-01,1.4546,coffee_arabica,world_bank_pink_sheet,2001M01
2001-02-01,2001-03-01,1.4813,coffee_arabica,world_bank_pink_sheet,2001M02
2001-03-01,2001-04-01,1.4661,coffee_arabica,world_bank_pink_sheet,2001M03
2001-04-01,2001-05-01,1.4579,coffee_arabica,world_bank_pink_sheet,2001M04
2001-05-01,2001-06-01,1.526,coffee_arabica,world_bank_pink_sheet,2001M05
2001-06-01,2001-07-01,1.4088,coffee_arabica,world_bank_pink_sheet,2001M06
2001-07-01,2001-08-01,1.2946,coffee_arabica,world_bank_pink_sheet,2001M07
2001-08-01,2001-09-01,1.3166,coffee_arabica,world_bank_pink_sheet,2001M08
2001-09-01,2001-10-01,1.2802,coffee_arabica,world_bank_pink_sheet,2001M09
2001-10-01,2001-11-01,1.2434,coffee_arabica,world_bank_pink_sheet,2001M10
2001-11-01,2001-12-01,1.2974,coffee_arabica,world_bank_pink_sheet,2001M11
2001-12-01,2002-01-01,1.2505,coffee_arabica,world_bank_pink_sheet,2001M12
2002-01-01,2002-02-01,1.2842,coffee_arabica,world_bank_pink_sheet,2002M01
2002-02-01,2002-03-01,1.3034,coffee_arabica,world_bank_pink_sheet,2002M02
2002-03-01,2002-04-01,1.4213,coffee_arabica,world_bank_pink_sheet,2002M03
2002-04-01,2002-05-01,1.4425,coffee_arabica,world_bank_pink_sheet,2002M04
2002-05-01,2002-06-01,1.3536,coffee_arabica,world_bank_pink_sheet,2002M05
2002-06-01,2002-07-01,1.2912,coffee_arabica,world_bank_pink_sheet,2002M06
2002-07-01,2002-08-01,1.2452,coffee_arabica,world_bank_pink_sheet,2002M07
2002-08-01,2002-09-01,1.1964,coffee_arabica,world_bank_pink_sheet,2002M08
2002-09-01,2002-10-01,1.3375,coffee_arabica,world_bank_pink_sheet,2002M09
2002-10-01,2002-11-01,1.4491,coffee_arabica,world_bank_pink_sheet,2002M10
2002-11-01,2002-12-01,1.5404,coffee_arabica,world_bank_pink_sheet,2002M11
2002-12-01,2003-01-01,1.4145,coffee_arabica,world_bank_pink_sheet,2002M12
2003-01-01,2003-02-01,1.445569,coffee_arabica,world_bank_pink_sheet,2003M01
2003-02-01,2003-03-01,1.464088,coffee_arabica,world_bank_pink_sheet,2003M02
2003-03-01,2003-04-01,1.361353,coffee_arabica,world_bank_pink_sheet,2003M03
2003-04-01,2003-05-01,1.426169,coffee_arabica,world_bank_pink_sheet,2003M04
2003-05-01,2003-06-01,1.460781,coffee_arabica,world_bank_pink_sheet,2003M05
2003-06-01,2003-07-01,1.3457,coffee_arabica,world_bank_pink_sheet,2003M06
2003-07-01,2003-08-01,1.387808,coffee_arabica,world_bank_pink_sheet,2003M07
2003-08-01,2003-09-01,1.408532,coffee_arabica,world_bank_pink_sheet,2003M08
2003-09-01,2003-10-01,1.464099,coffee_arabica,world_bank_pink_sheet,2003M09
2003-10-01,2003-11-01,1.417571,coffee_arabica,world_bank_pink_sheet,2003M10
2003-11-01,2003-12-01,1.373037,coffee_arabica,world_bank_pink_sheet,2003M11
2003-12-01,2004-01-01,1.429917,coffee_arabica,world_bank_pink_sheet,2003M12
2004-01-01,2004-02-01,1.603420126,coffee_arabica,world_bank_pink_sheet,2004M01
2004-02-01,2004-03-01,1.680140902,coffee_arabica,world_bank_pink_sheet,2004M02
2004-03-01,2004-04-01,1.720926372,coffee_arabica,world_bank_pink_sheet,2004M03
2004-04-01,2004-05-01,1.663165328,coffee_arabica,world_bank_pink_sheet,2004M04
2004-05-01,2004-06-01,1.697336938,coffee_arabica,world_bank_pink_sheet,2004M05
2004-06-01,2004-07-01,1.812418102,coffee_arabica,world_bank_pink_sheet,2004M06
2004-07-01,2004-08-01,1.652142228,coffee_arabica,world_bank_pink_sheet,2004M07
2004-08-01,2004-09-01,1.622820782,coffee_arabica,world_bank_pink_sheet,2004M08
2004-09-01,2004-10-01,1.774057714,coffee_arabica,world_bank_pink_sheet,2004M09
2004-10-01,2004-11-01,1.77582141,coffee_arabica,world_bank_pink_sheet,2004M10
2004-11-01,2004-12-01,1.990110474,coffee_arabica,world_bank_pink_sheet,2004M11
2004-12-01,2005-01-01,2.295450344,coffee_arabica,world_bank_pink_sheet,2004M12
2005-01-01,2005-02-01,2.362470792,coffee_arabica,world_bank_pink_sheet,2005M01
2005-02-01,2005-03-01,2.664503732,coffee_arabica,world_bank_pink_sheet,2005M02
2005-03-01,2005-04-01,2.976898386,coffee_arabica,world_bank_pink_sheet,2005M03
2005-04-01,2005-05-01,2.855644286,coffee_arabica,world_bank_pink_sheet,2005M04
2005-05-01,2005-06-01,2.830070694,coffee_arabica,world_bank_pink_sheet,2005M05
2005-06-01,2005-07-01,2.671117592,coffee_arabica,world_bank_pink_sheet,2005M06
2005-07-01,2005-08-01,2.423538766,coffee_arabica,world_bank_pink_sheet,2005M07
2005-08-01,2005-09-01,2.38539884,coffee_arabica,world_bank_pink_sheet,2005M08
2005-09-01,2005-10-01,2.193376438,coffee_arabica,world_bank_pink_sheet,2005M09
2005-10-01,2005-11-01,2.31595331,coffee_arabica,world_bank_pink_sheet,2005M10
2005-11-01,2005-12-01,2.375257588,coffee_arabica,world_bank_pink_sheet,2005M11
2005-12-01,2006-01-01,2.331826574,coffee_arabica,world_bank_pink_sheet,2005M12
2006-01-01,2006-02-01,2.73813804,coffee_arabica,world_bank_pink_sheet,2006M01
2006-02-01,2006-03-01,2.626143344,coffee_arabica,world_bank_pink_sheet,2006M02
2006-03-01,2006-04-01,2.505771092,coffee_arabica,world_bank_pink_sheet,2006M03
2006-04-01,2006-05-01,2.544572404,coffee_arabica,world_bank_pink_sheet,2006M04
2006-05-01,2006-06-01,2.410972432,coffee_arabica,world_bank_pink_sheet,2006M05
2006-06-01,2006-07-01,2.27406553,coffee_arabica,world_bank_pink_sheet,2006M06
2006-07-01,2006-08-01,2.314851,coffee_arabica,world_bank_pink_sheet,2006M07
2006-08-01,2006-09-01,2.463221926,coffee_arabica,world_bank_pink_sheet,2006M08
2006-09-01,2006-10-01,2.421334146,coffee_arabica,world_bank_pink_sheet,2006M09
2006-10-01,2006-11-01,2.438971106,coffee_arabica,world_bank_pink_sheet,2006M10
2006-11-01,2006-12-01,2.695588874,coffee_arabica,world_bank_pink_sheet,2006M11
2006-12-01,2007-01-01,2.831613928,coffee_arabica,world_bank_pink_sheet,2006M12
2007-01-01,2007-02-01,2.745413286,coffee_arabica,world_bank_pink_sheet,2007M01
2007-02-01,2007-03-01,2.690297786,coffee_arabica,world_bank_pink_sheet,2007M02
2007-03-01,2007-04-01,2.581169096,coffee_arabica,world_bank_pink_sheet,2007M03
2007-04-01,2007-05-01,2.52649452,coffee_arabica,world_bank_pink_sheet,2007M04
2007-05-01,2007-06-01,2.496511688,coffee_arabica,world_bank_pink_sheet,2007M05
2007-06-01,2007-07-01,2.630773046,coffee_arabica,world_bank_pink_sheet,2007M06
2007-07-01,2007-08-01,2.593294506,coffee_arabica,world_bank_pink_sheet,2007M07
2007-08-01,2007-09-01,2.715871378,coffee_arabica,world_bank_pink_sheet,2007M08
2007-09-01,2007-10-01,2.822795448,coffee_arabica,world_bank_pink_sheet,2007M09
2007-10-01,2007-11-01,2.960584198,coffee_arabica,world_bank_pink_sheet,2007M10
2007-11-01,2007-12-01,2.8880522,coffee_arabica,world_bank_pink_sheet,2007M11
2007-12-01,2008-01-01,3.033116196,coffee_arabica,world_bank_pink_sheet,2007M12
2008-01-01,2008-02-01,3.083381532,coffee_arabica,world_bank_pink_sheet,2008M01
2008-02-01,2008-03-01,3.467646798,coffee_arabica,world_bank_pink_sheet,2008M02
2008-03-01,2008-04-01,3.304504918,coffee_arabica,world_bank_pink_sheet,2008M03
2008-04-01,2008-05-01,3.10190034,coffee_arabica,world_bank_pink_sheet,2008M04
2008-05-01,2008-06-01,3.12945809,coffee_arabica,world_bank_pink_sheet,2008M05
2008-06-01,2008-07-01,3.22205213,coffee_arabica,world_bank_pink_sheet,2008M06
2008-07-01,2008-08-01,3.248728032,coffee_arabica,world_bank_pink_sheet,2008M07
2008-08-01,2008-09-01,3.228225066,coffee_arabica,world_bank_pink_sheet,2008M08
2008-09-01,2008-10-01,3.158559074,coffee_arabica,world_bank_pink_sheet,2008M09
2008-10-01,2008-11-01,2.724689858,coffee_arabica,world_bank_pink_sheet,2008M10
2008-11-01,2008-12-01,2.687211318,coffee_arabica,world_bank_pink_sheet,2008M11
2008-12-01,2009-01-01,2.622836414,coffee_arabica,world_bank_pink_sheet,2008M12
2009-01-01,2009-02-01,2.82852746,coffee_arabica,world_bank_pink_sheet,2009M01
2009-02-01,2009-03-01,2.854541976,coffee_arabica,world_bank_pink_sheet,2009M02
2009-03-01,2009-04-01,2.833377624,coffee_arabica,world_bank_pink_sheet,2009M03
2009-04-01,2009-05-01,2.973591456,coffee_arabica,world_bank_pink_sheet,2009M04
2009-05-01,2009-06-01,3.328755738,coffee_arabica,world_bank_pink_sheet,2009M05
2009-06-01,2009-07-01,3.302300298,coffee_arabica,world_bank_pink_sheet,2009M06
2009-07-01,2009-08-01,3.10630958,coffee_arabica,world_bank_pink_sheet,2009M07
2009-08-01,2009-09-01,3.301638912,coffee_arabica,world_bank_pink_sheet,2009M08
2009-09-01,2009-10-01,3.274522086,coffee_arabica,world_bank_pink_sheet,2009M09
2009-10-01,2009-11-01,3.407681134,coffee_arabica,world_bank_pink_sheet,2009M10
2009-11-01,2009-12-01,3.355652102,coffee_arabica,world_bank_pink_sheet,2009M11
2009-12-01,2010-01-01,3.4868159689,coffee_arabica,world_bank_pink_sheet,2009M12
2010-01-01,2010-02-01,3.50314118,coffee_arabica,world_bank_pink_sheet,2010M01
2010-02-01,2010-03-01,3.480213132,coffee_arabica,world_bank_pink_sheet,2010M02
2010-03-01,2010-04-01,3.6265999,coffee_arabica,world_bank_pink_sheet,2010M03
2010-04-01,2010-05-01,3.731098888,coffee_arabica,world_bank_pink_sheet,2010M04
2010-05-01,2010-06-01,3.820165536,coffee_arabica,world_bank_pink_sheet,2010M05
2010-06-01,2010-07-01,4.20861958,coffee_arabica,world_bank_pink_sheet,2010M06
2010-07-01,2010-08-01,4.480008302,coffee_arabica,world_bank_pink_sheet,2010M07
2010-08-01,2010-09-01,4.664755458,coffee_arabica,world_bank_pink_sheet,2010M08
2010-09-01,2010-10-01,4.909909202,coffee_arabica,world_bank_pink_sheet,2010M09
2010-10-01,2010-11-01,4.798134968,coffee_arabica,world_bank_pink_sheet,2010M10
2010-11-01,2010-12-01,5.147346776,coffee_arabica,world_bank_pink_sheet,2010M11
2010-12-01,2011-01-01,5.471205454,coffee_arabica,world_bank_pink_sheet,2010M12
2011-01-01,2011-02-01,5.815126174,coffee_arabica,world_bank_pink_sheet,2011M01
2011-02-01,2011-03-01,6.346880518,coffee_arabica,world_bank_pink_sheet,2011M02
2011-03-01,2011-04-01,6.439033634,coffee_arabica,world_bank_pink_sheet,2011M03
2011-04-01,2011-05-01,6.616505544,coffee_arabica,world_bank_pink_sheet,2011M04
2011-05-01,2011-06-01,6.417428358,coffee_arabica,world_bank_pink_sheet,2011M05
2011-06-01,2011-07-01,6.062264076,coffee_arabica,world_bank_pink_sheet,2011M06
2011-07-01,2011-08-01,5.908822524,coffee_arabica,world_bank_pink_sheet,2011M07
2011-08-01,2011-09-01,5.962174328,coffee_arabica,world_bank_pink_sheet,2011M08
2011-09-01,2011-10-01,6.060059456,coffee_arabica,world_bank_pink_sheet,2011M09
2011-10-01,2011-11-01,5.463489284,coffee_arabica,world_bank_pink_sheet,2011M10
2011-11-01,2011-12-01,5.403303158,coffee_arabica,world_bank_pink_sheet,2011M11
2011-12-01,2012-01-01,5.218556002,coffee_arabica,world_bank_pink_sheet,2011M12
2012-01-01,2012-02-01,5.229508955,coffee_arabica,world_bank_pink_sheet,2012M01
2012-02-01,2012-03-01,4.941876192,coffee_arabica,world_bank_pink_sheet,2012M02
2012-03-01,2012-04-01,4.437018212,coffee_arabica,world_bank_pink_sheet,2012M03
2012-04-01,2012-05-01,4.22074499,coffee_arabica,world_bank_pink_sheet,2012M04
2012-05-01,2012-06-01,4.07083083,coffee_arabica,world_bank_pink_sheet,2012M05
2012-06-01,2012-07-01,3.718973478,coffee_arabica,world_bank_pink_sheet,2012M06
2012-07-01,2012-08-01,4.19869879,coffee_arabica,world_bank_pink_sheet,2012M07
2012-08-01,2012-09-01,3.85421253704,coffee_arabica,world_bank_pink_sheet,2012M08
2012-09-01,2012-10-01,3.945828876,coffee_arabica,world_bank_pink_sheet,2012M09
2012-10-01,2012-11-01,3.821047384,coffee_arabica,world_bank_pink_sheet,2012M10
2012-11-01,2012-12-01,3.525407842,coffee_arabica,world_bank_pink_sheet,2012M11
2012-12-01,2013-01-01,3.367336588,coffee_arabica,world_bank_pink_sheet,2012M12
2013-01-01,2013-02-01,3.467646798,coffee_arabica,world_bank_pink_sheet,2013M01
2013-02-01,2013-03-01,3.295025052,coffee_arabica,world_bank_pink_sheet,2013M02
2013-03-01,2013-04-01,3.302079836,coffee_arabica,world_bank_pink_sheet,2013M03
2013-04-01,2013-05-01,3.302741222,coffee_arabica,world_bank_pink_sheet,2013M04
2013-05-01,2013-06-01,3.24489391026,coffee_arabica,world_bank_pink_sheet,2013M05
2013-06-01,2013-07-01,3.0480965889,coffee_arabica,world_bank_pink_sheet,2013M06
2013-07-01,2013-08-01,3.05091610617,coffee_arabica,world_bank_pink_sheet,2013M07
2013-08-01,2013-09-01,2.979634119,coffee_arabica,world_bank_pink_sheet,2013M08
2013-09-01,2013-10-01,2.91630283057,coffee_arabica,world_bank_pink_sheet,2013M09
2013-10-01,2013-11-01,2.83734594,coffee_arabica,world_bank_pink_sheet,2013M10
2013-11-01,2013-12-01,2.69003533124,coffee_arabica,world_bank_pink_sheet,2013M11
2013-12-01,2014-01-01,2.777159814,coffee_arabica,world_bank_pink_sheet,2013M12
2014-01-01,2014-02-01,2.926192126,coffee_arabica,world_bank_pink_sheet,2014M01
2014-02-01,2014-03-01,3.828102168,coffee_arabica,world_bank_pink_sheet,2014M02
2014-03-01,2014-04-01,4.719870958,coffee_arabica,world_bank_pink_sheet,2014M03
2014-04-01,2014-05-01,4.926884776,coffee_arabica,world_bank_pink_sheet,2014M04
2014-05-01,2014-06-01,4.72229604,coffee_arabica,world_bank_pink_sheet,2014M05
2014-06-01,2014-07-01,4.362722518,coffee_arabica,world_bank_pink_sheet,2014M06
2014-07-01,2014-08-01,4.34089678,coffee_arabica,world_bank_pink_sheet,2014M07
2014-08-01,2014-09-01,4.695179214,coffee_arabica,world_bank_pink_sheet,2014M08
2014-09-01,2014-10-01,4.641386486,coffee_arabica,world_bank_pink_sheet,2014M09
2014-10-01,2014-11-01,4.966788398,coffee_arabica,world_bank_pink_sheet,2014M10
2014-11-01,2014-12-01,4.616033356,coffee_arabica,world_bank_pink_sheet,2014M11
2014-12-01,2015-01-01,4.339133084,coffee_arabica,world_bank_pink_sheet,2014M12
2015-01-01,2015-02-01,4.188778,coffee_arabica,world_bank_pink_sheet,2015M01
2015-02-01,2015-03-01,3.943844718,coffee_arabica,world_bank_pink_sheet,2015M02
2015-03-01,2015-04-01,3.543706188,coffee_arabica,world_bank_pink_sheet,2015M03
2015-04-01,2015-05-01,3.6155768,coffee_arabica,world_bank_pink_sheet,2015M04
2015-05-01,2015-06-01,3.493881776,coffee_arabica,world_bank_pink_sheet,2015M05
2015-06-01,2015-07-01,3.522100912,coffee_arabica,world_bank_pink_sheet,2015M06
2015-07-01,2015-08-01,3.40503559,coffee_arabica,world_bank_pink_sheet,2015M07
2015-08-01,2015-09-01,3.459489704,coffee_arabica,world_bank_pink_sheet,2015M08
2015-09-01,2015-10-01,3.22205213,coffee_arabica,world_bank_pink_sheet,2015M09
2015-10-01,2015-11-01,3.37858015,coffee_arabica,world_bank_pink_sheet,2015M10
2015-11-01,2015-12-01,3.262396676,coffee_arabica,world_bank_pink_sheet,2015M11
2015-12-01,2016-01-01,3.277388092,coffee_arabica,world_bank_pink_sheet,2015M12
2016-01-01,2016-02-01,3.197360386,coffee_arabica,world_bank_pink_sheet,2016M01
2016-02-01,2016-03-01,3.25622374,coffee_arabica,world_bank_pink_sheet,2016M02
2016-03-01,2016-04-01,3.4722765,coffee_arabica,world_bank_pink_sheet,2016M03
2016-04-01,2016-05-01,3.399964964,coffee_arabica,world_bank_pink_sheet,2016M04
2016-05-01,2016-06-01,3.421349778,coffee_arabica,world_bank_pink_sheet,2016M05
2016-06-01,2016-07-01,3.64754379,coffee_arabica,world_bank_pink_sheet,2016M06
2016-07-01,2016-08-01,3.786655312,coffee_arabica,world_bank_pink_sheet,2016M07
2016-08-01,2016-09-01,3.693620348,coffee_arabica,world_bank_pink_sheet,2016M08
2016-09-01,2016-10-01,3.88674506,coffee_arabica,world_bank_pink_sheet,2016M09
2016-10-01,2016-11-01,3.945387952,coffee_arabica,world_bank_pink_sheet,2016M10
2016-11-01,2016-12-01,4.059146344,coffee_arabica,world_bank_pink_sheet,2016M11
2016-12-01,2017-01-01,3.566634236,coffee_arabica,world_bank_pink_sheet,2016M12
2017-01-01,2017-02-01,3.717209782,coffee_arabica,world_bank_pink_sheet,2017M01
2017-02-01,2017-03-01,3.66738537,coffee_arabica,world_bank_pink_sheet,2017M02
2017-03-01,2017-04-01,3.53069893,coffee_arabica,world_bank_pink_sheet,2017M03
2017-04-01,2017-05-01,3.42597948,coffee_arabica,world_bank_pink_sheet,2017M04
2017-05-01,2017-06-01,3.30693,coffee_arabica,world_bank_pink_sheet,2017M05
2017-06-01,2017-07-01,3.157456764,coffee_arabica,world_bank_pink_sheet,2017M06
2017-07-01,2017-08-01,3.299434292,coffee_arabica,world_bank_pink_sheet,2017M07
2017-08-01,2017-09-01,3.304284456,coffee_arabica,world_bank_pink_sheet,2017M08
2017-09-01,2017-10-01,3.231091072,coffee_arabica,world_bank_pink_sheet,2017M09
2017-10-01,2017-11-01,3.102120802,coffee_arabica,world_bank_pink_sheet,2017M10
2017-11-01,2017-12-01,3.10630958,coffee_arabica,world_bank_pink_sheet,2017M11
2017-12-01,2018-01-01,3.029588804,coffee_arabica,world_bank_pink_sheet,2017M12
2018-01-01,2018-02-01,3.060233022,coffee_arabica,world_bank_pink_sheet,2018M01
2018-02-01,2018-03-01,3.004456136,coffee_arabica,world_bank_pink_sheet,2018M02
2018-03-01,2018-04-01,2.976898386,coffee_arabica,world_bank_pink_sheet,2018M03
2018-04-01,2018-05-01,2.961686508,coffee_arabica,world_bank_pink_sheet,2018M04
2018-05-01,2018-06-01,2.989685182,coffee_arabica,world_bank_pink_sheet,2018M05
2018-06-01,2018-07-01,2.954852186,coffee_arabica,world_bank_pink_sheet,2018M06
2018-07-01,2018-08-01,2.87923372,coffee_arabica,world_bank_pink_sheet,2018M07
2018-08-01,2018-09-01,2.760404702,coffee_arabica,world_bank_pink_sheet,2018M08
2018-09-01,2018-10-01,2.671558516,coffee_arabica,world_bank_pink_sheet,2018M09
2018-10-01,2018-11-01,3.027825108,coffee_arabica,world_bank_pink_sheet,2018M10
2018-11-01,2018-12-01,3.022754482,coffee_arabica,world_bank_pink_sheet,2018M11
2018-12-01,2019-01-01,2.80207202,coffee_arabica,world_bank_pink_sheet,2018M12
2019-01-01,2019-02-01,2.832054852,coffee_arabica,world_bank_pink_sheet,2019M01
2019-02-01,2019-03-01,2.83183439,coffee_arabica,world_bank_pink_sheet,2019M02
2019-03-01,2019-04-01,2.731303718,coffee_arabica,world_bank_pink_sheet,2019M03
2019-04-01,2019-05-01,2.670456206,coffee_arabica,world_bank_pink_sheet,2019M04
2019-05-01,2019-06-01,2.65766941,coffee_arabica,world_bank_pink_sheet,2019M05
2019-06-01,2019-07-01,2.860053526,coffee_arabica,world_bank_pink_sheet,2019M06
2019-07-01,2019-08-01,2.986598714,coffee_arabica,world_bank_pink_sheet,2019M07
2019-08-01,2019-09-01,2.782891826,coffee_arabica,world_bank_pink_sheet,2019M08
2019-09-01,2019-10-01,2.841534718,coffee_arabica,world_bank_pink_sheet,2019M09
2019-10-01,2019-11-01,2.799646938,coffee_arabica,world_bank_pink_sheet,2019M10
2019-11-01,2019-12-01,3.108073276,coffee_arabica,world_bank_pink_sheet,2019M11
2019-12-01,2020-01-01,3.455080464,coffee_arabica,world_bank_pink_sheet,2019M12
2020-01-01,2020-02-01,3.134749178,coffee_arabica,world_bank_pink_sheet,2020M01
2020-02-01,2020-03-01,2.9872601,coffee_arabica,world_bank_pink_sheet,2020M02
2020-03-01,2020-04-01,3.270112846,coffee_arabica,world_bank_pink_sheet,2020M03
2020-04-01,2020-05-01,3.406578824,coffee_arabica,world_bank_pink_sheet,2020M04
2020-05-01,2020-06-01,3.303402608,coffee_arabica,world_bank_pink_sheet,2020M05
2020-06-01,2020-07-01,3.119978224,coffee_arabica,world_bank_pink_sheet,2020M06
2020-07-01,2020-08-01,3.235941236,coffee_arabica,world_bank_pink_sheet,2020M07
2020-08-01,2020-09-01,3.59904215,coffee_arabica,world_bank_pink_sheet,2020M08
2020-09-01,2020-10-01,3.672015072,coffee_arabica,world_bank_pink_sheet,2020M09
2020-10-01,2020-11-01,3.352345172,coffee_arabica,world_bank_pink_sheet,2020M10
2020-11-01,2020-12-01,3.323023726,coffee_arabica,world_bank_pink_sheet,2020M11
2020-12-01,2021-01-01,3.479110822,coffee_arabica,world_bank_pink_sheet,2020M12
2021-01-01,2021-02-01,3.542383416,coffee_arabica,world_bank_pink_sheet,2021M01
2021-02-01,2021-03-01,3.669149066,coffee_arabica,world_bank_pink_sheet,2021M02
2021-03-01,2021-04-01,3.68281771,coffee_arabica,world_bank_pink_sheet,2021M03
2021-04-01,2021-05-01,3.71809163,coffee_arabica,world_bank_pink_sheet,2021M04
2021-05-01,2021-06-01,4.110734452,coffee_arabica,world_bank_pink_sheet,2021M05
2021-06-01,2021-07-01,4.243011652,coffee_arabica,world_bank_pink_sheet,2021M06
2021-07-01,2021-08-01,4.503818198,coffee_arabica,world_bank_pink_sheet,2021M07
2021-08-01,2021-09-01,4.767270288,coffee_arabica,world_bank_pink_sheet,2021M08
2021-09-01,2021-10-01,4.972299948,coffee_arabica,world_bank_pink_sheet,2021M09
2021-10-01,2021-11-01,5.314456972,coffee_arabica,world_bank_pink_sheet,2021M10
2021-11-01,2021-12-01,5.709083952,coffee_arabica,world_bank_pink_sheet,2021M11
2021-12-01,2022-01-01,5.910145296,coffee_arabica,world_bank_pink_sheet,2021M12
2022-01-01,2022-02-01,5.976283896,coffee_arabica,world_bank_pink_sheet,2022M01
2022-02-01,2022-03-01,6.169188146,coffee_arabica,world_bank_pink_sheet,2022M02
2022-03-01,2022-04-01,5.698501776,coffee_arabica,world_bank_pink_sheet,2022M03
2022-04-01,2022-05-01,5.854147948,coffee_arabica,world_bank_pink_sheet,2022M04
2022-05-01,2022-06-01,5.741271404,coffee_arabica,world_bank_pink_sheet,2022M05
2022-06-01,2022-07-01,6.033824478,coffee_arabica,world_bank_pink_sheet,2022M06
2022-07-01,2022-08-01,5.639197498,coffee_arabica,world_bank_pink_sheet,2022M07
2022-08-01,2022-09-01,5.917861466,coffee_arabica,world_bank_pink_sheet,2022M08
2022-09-01,2022-10-01,5.897138038,coffee_arabica,world_bank_pink_sheet,2022M09
2022-10-01,2022-11-01,5.292851696,coffee_arabica,world_bank_pink_sheet,2022M10
2022-11-01,2022-12-01,4.715461718,coffee_arabica,world_bank_pink_sheet,2022M11
2022-12-01,2023-01-01,4.629481538,coffee_arabica,world_bank_pink_sheet,2022M12
2023-01-01,2023-02-01,4.558272312,coffee_arabica,world_bank_pink_sheet,2023M01
2023-02-01,2023-03-01,5.064673526,coffee_arabica,world_bank_pink_sheet,2023M02
2023-03-01,2023-04-01,4.902193032,coffee_arabica,world_bank_pink_sheet,2023M03
2023-04-01,2023-05-01,5.060925672,coffee_arabica,world_bank_pink_sheet,2023M04
2023-05-01,2023-06-01,4.852809544,coffee_arabica,world_bank_pink_sheet,2023M05
2023-06-01,2023-07-01,4.572161418,coffee_arabica,world_bank_pink_sheet,2023M06
2023-07-01,2023-08-01,4.265719238,coffee_arabica,world_bank_pink_sheet,2023M07
2023-08-01,2023-09-01,4.116686926,coffee_arabica,world_bank_pink_sheet,2023M08
2023-09-01,2023-10-01,4.045918624,coffee_arabica,world_bank_pink_sheet,2023M09
2023-10-01,2023-11-01,4.04768232,coffee_arabica,world_bank_pink_sheet,2023M10
2023-11-01,2023-12-01,4.347069716,coffee_arabica,world_bank_pink_sheet,2023M11
2023-12-01,2024-01-01,4.646457112,coffee_arabica,world_bank_pink_sheet,2023M12
2024-01-01,2024-02-01,4.47317398,coffee_arabica,world_bank_pink_sheet,2024M01
2024-02-01,2024-03-01,4.602805636,coffee_arabica,world_bank_pink_sheet,2024M02
2024-03-01,2024-04-01,4.605010256,coffee_arabica,world_bank_pink_sheet,2024M03
2024-04-01,2024-05-01,5.274332888,coffee_arabica,world_bank_pink_sheet,2024M04
2024-05-01,2024-06-01,5.083192334,coffee_arabica,world_bank_pink_sheet,2024M05
2024-06-01,2024-07-01,5.476055618,coffee_arabica,world_bank_pink_sheet,2024M06
2024-07-01,2024-08-01,5.66807802,coffee_arabica,world_bank_pink_sheet,2024M07
2024-08-01,2024-09-01,5.763758528,coffee_arabica,world_bank_pink_sheet,2024M08
2024-09-01,2024-10-01,6.124654822,coffee_arabica,world_bank_pink_sheet,2024M09
2024-10-01,2024-11-01,6.101726774,coffee_arabica,world_bank_pink_sheet,2024M10
2024-11-01,2024-12-01,6.723650076,coffee_arabica,world_bank_pink_sheet,2024M11
2024-12-01,2025-01-01,7.569342308,coffee_arabica,world_bank_pink_sheet,2024M12
2025-01-01,2025-02-01,7.814716514,coffee_arabica,world_bank_pink_sheet,2025M01
2025-02-01,2025-03-01,9.049303714,coffee_arabica,world_bank_pink_sheet,2025M02
2025-03-01,2025-04-01,8.919451596,coffee_arabica,world_bank_pink_sheet,2025M03
2025-04-01,2025-05-01,8.635937464,coffee_arabica,world_bank_pink_sheet,2025M04
2025-05-01,2025-06-01,8.770860208,coffee_arabica,world_bank_pink_sheet,2025M05
2025-06-01,2025-07-01,8.006297992,coffee_arabica,world_bank_pink_sheet,2025M06
2025-07-01,2025-08-01,7.1760381,coffee_arabica,world_bank_pink_sheet,2025M07
2025-08-01,2025-09-01,8.075963984,coffee_arabica,world_bank_pink_sheet,2025M08
2025-09-01,2025-10-01,8.831487258,coffee_arabica,world_bank_pink_sheet,2025M09
2025-10-01,2025-11-01,8.902035098,coffee_arabica,world_bank_pink_sheet,2025M10
2025-11-01,2025-12-01,9.045776322,coffee_arabica,world_bank_pink_sheet,2025M11
2025-12-01,2026-01-01,8.404672826,coffee_arabica,world_bank_pink_sheet,2025M12
